time,direction,bytes,latency,bps,duration,serverTime,responseSize,loadedLatencies
1786375633732,download,100000,14.800000000745058,23669616.518913936,33.90000000037253,30,100300,
1786375635393,download,100000,74.09999999962747,9930693.069444286,80.79999999888241,30,100300,
1786375635456,download,100000,18,30861538.461538464,26,36,100300,77.59999999962747
1786375635534,download,100000,16.59999999962747,20841558.441558443,38.5,39,100300,
1786375635608,download,100000,15.300000000745058,24096096.095556967,33.30000000074506,40,100300,15.400000000372529
1786375635677,download,100000,16,28967509.02604991,27.699999999254942,40,100300,
1786375635735,download,100000,16.399999998509884,34586206.897662446,23.199999999254942,34,100300,15.699999999254942
1786375635805,download,100000,24.59999999962747,26657807.309300028,30.09999999962747,36,100300,
1786375635896,download,100000,14.5,19960199.004420217,40.20000000111759,48,100300,13.599999999627471
1786375636049,download,100000,13,35821428.57083283,22.40000000037253,130,100300,28.5
1786375636397,download,1000000,14.599999999627471,59988005.99683398,133.40000000037253,73,1000300,14.200000001117587
1786375636692,download,1000000,15.900000000372529,55572222.222222224,144,150,1000300,16.90000000037253 53.399999998509884
1786375636960,download,1000000,20.399999998509884,51003186.7436329,156.89999999850988,110,1000300,14.700000001117587 39
1786375637214,download,1000000,101.5,38827753.51742912,206.10000000149012,45,1000300,74.40000000037253
1786375637371,download,1000000,14.099999999627471,67759525.82578528,118.09999999962747,38,1000300,27.399999998509884
1786375637573,download,1000000,17.09999999962747,56196629.21333613,142.40000000037253,58,1000300,46.40000000037253
1786375637729,download,1000000,14.099999999627471,66909698.996863924,119.59999999962747,35,1000300,27
1786375637884,download,1000000,14.099999999627471,66080924.85569461,121.09999999962747,33,1000300,20.799999998882413
1786375638085,upload,100000,14.299999998882413,8436516.264527056,95.29999999888241,81,369,14
1786375638157,upload,100000,14.900000000372529,11502145.92268548,69.90000000037253,55,369,
1786375638221,upload,100000,14.199999999254942,12926045.016232003,62.19999999925494,48,372,13.599999999627471
1786375638298,upload,100000,18.699999999254942,10620871.862720119,75.69999999925494,57,371,
1786375638392,upload,100000,14.599999999627471,8777292.57645491,91.59999999962747,77,371,
1786375638460,upload,100000,14.300000000745058,12126696.832442908,66.30000000074506,52,369,14
1786375638518,upload,100000,14.300000000745058,14538878.842480427,55.30000000074506,41,369,
1786375638570,upload,100000,14.299999998882413,16308316.430389978,49.29999999888241,35,371,
1786375640270,upload,1000000,18.09999999962747,66944213.15591122,120.09999999962747,102,369,22.59999999962747
1786375640364,upload,1000000,17.90000000037253,89432703.00296643,89.90000000037253,72,369,
1786375640668,upload,1000000,14.599999999627471,26835781.04142188,299.59999999962747,285,370,33.59999999962747 20
1786375640880,upload,1000000,14.5,39315403.42298289,204.5,190,369,18.799999998882413
1786375641066,upload,1000000,14.900000000372529,46233467.509964205,173.90000000037253,159,369,14.199999999254942 13.900000000372529
1786375641229,upload,1000000,14.5,51373801.9169329,156.5,142,369,14.699999999254942
1786375642491,download,10000000,14.800000000745058,70399859.20448238,1136.4000000003725,33,10000300,14.699999999254942 71.39999999850988 54.80000000074506 80.30000000074506 45.59999999962747 77.59999999962747
1786375643732,download,10000000,17.5,66052179.656579606,1211.199999999255,26,10000300,41.100000001490116 56.30000000074506 76.90000000037253 95.09999999962747 68.10000000149012
1786375645018,download,10000000,14.300000000745058,64440112.766814336,1241.5,41,10000300,15 109.29999999888241 54 35.399999998509884 50.69999999925494 89.40000000037253 74.70000000111759
1786375646213,download,10000000,14.699999999254942,72954951.66881925,1096.5999999996275,91,10000300,36.59999999962747 33.59999999962747 35.09999999962747 101.20000000111759 50.90000000037253
1786375647374,download,10000000,14.900000000372529,72074234.23423423,1110,47,10000300,48.19999999925494 36 46 63.90000000037253 71 60.5 39.40000000037253
1786375648620,download,10000000,14.700000001117587,69512902.94549839,1150.9000000003725,91,10000300,110 34.90000000037253 23.09999999962747 26.40000000037253 60.5 112
1786375649574,upload,10000000,21.09999999962747,100487439.07016301,800.0999999996275,779,369,144.69999999925494 235.59999999962747
1786375650511,upload,10000000,48.09999999962747,88928215.90535684,904.0999999996275,856,369,52 45.80000000074506 107.09999999962747 140.09999999962747
1786375651417,upload,10000000,27.90000000037253,93282283.32749186,861.9000000003725,834,370,21.90000000037253 234.90000000037253 308.2000000011176
1786375652280,upload,10000000,17.09999999962747,97207109.17668504,827.0999999996275,810,370,257.59999999962747 93.09999999962747 90.19999999925494
1786375657400,upload,25000000,15.5,41766233.76623376,4812.5,4797,370,14.199999999254942 89.30000000074506 18.200000001117587 42.19999999925494 24.100000001490116 29.90000000037253 79.5 17.299999998882413 39.600000001490116 74.30000000074506 25.699999999254942 51.09999999962747 22.199999999254942 23 67 21.299999998882413 51.40000000037253 98.20000000111759 88.59999999962747 36.30000000074506 72.90000000037253 102.40000000037253 38.5 34.40000000037253 78
1786375660385,upload,25000000,17.299999998882413,68828545.01252505,2920.2999999988824,2903,371,37.80000000074506 41.19999999925494 74.79999999888241 21.90000000037253 36.90000000037253 30.799999998882413 101.19999999925494 87.09999999962747 40.19999999925494 33.30000000074506 94.09999999962747 48.09999999962747 26.90000000037253 100.5 49.70000000111759
1786375663082,upload,25000000,15.599999999627471,76176760.40325488,2638.5999999996275,2623,369,64.09999999962747 37.30000000074506 18.300000000745058 24.40000000037253 18 37.70000000111759 42.5 37.30000000074506 98.40000000037253 59.09999999962747 33.5 116.80000000074506 108.29999999888241
1786375665249,upload,25000000,19.199999999254942,95750762.19515592,2099.199999999255,2080,371,22.699999999254942 164.69999999925494 136.60000000149012 311.80000000074506 182 153.90000000037253 249.69999999925494