wavelength_nm,power_17_mW_dbm,power_73_mW_dbm,power_131_mW_dbm,power_188_mW_dbm,power_244_mW_dbm,power_296_mW_dbm,power_344_mW_dbm,power_367_mW_dbm
1547.1419,nan,nan,nan,nan,nan,nan,-43.285714,nan
1547.1592,nan,nan,nan,nan,nan,nan,-42.804511,nan
1547.1765,-42.586466,-43.120301,nan,nan,nan,nan,-41.977444,nan
1547.1851,nan,nan,nan,nan,nan,nan,-41.721805,nan
1547.1938,-42.045113,-42.827068,nan,nan,nan,nan,-41.428571,nan
1547.2024,nan,nan,nan,nan,nan,nan,nan,-43.593985
1547.2111,-41.270677,nan,nan,nan,nan,nan,-40.496241,-43.473684
1547.2197,nan,nan,nan,nan,nan,nan,nan,-43.37594
1547.2284,-40.533835,nan,nan,nan,nan,nan,-39.804511,-43.285714
1547.237,-40.285714,nan,nan,nan,nan,nan,nan,-43.150376
1547.2457,-39.601504,nan,nan,nan,nan,nan,nan,-43.015038
1547.2543,-39.421053,nan,nan,nan,nan,nan,-38.413534,-42.857143
1547.263,-38.759398,nan,nan,nan,nan,nan,nan,-42.62406
1547.2716,-38.56391,-39.947368,-40.518797,nan,nan,nan,-37.338346,-42.428571
1547.2803,-38.06015,nan,nan,nan,nan,nan,-37.06015,-42.195489
1547.2889,-37.766917,-39.300752,-40.037594,nan,nan,nan,nan,-42.052632
1547.2976,-37.390977,nan,nan,nan,nan,nan,nan,-41.759398
1547.3062,-37.007519,nan,-39.330827,nan,nan,nan,nan,-41.578947
1547.3149,-36.646617,nan,nan,nan,nan,nan,nan,-41.233083
1547.3235,-36.300752,-37.932331,-38.616541,nan,nan,nan,nan,-41.045113
1547.3322,-35.954887,-37.62406,-38.451128,nan,nan,nan,nan,-40.789474
1547.3408,-35.661654,-37.360902,-38.120301,nan,nan,nan,nan,-40.601504
1547.3495,-35.383459,-37.172932,-39.398496,nan,nan,nan,nan,-40.421053
1547.3581,-35.06015,-36.894737,-37.533835,nan,nan,nan,nan,-40.090226
1547.3668,-34.804511,-36.691729,-37.481203,-38.172932,nan,nan,nan,-39.87218
1547.3754,-34.428571,-36.473684,-37.255639,-37.834586,nan,nan,nan,-39.541353
1547.3841,-34.240602,-36.300752,-37.278195,-37.75188,nan,nan,nan,-39.428571
1547.3927,-33.984962,-36.150376,-37.030075,-37.533835,nan,nan,nan,-39.180451
1547.4014,-33.827068,-36,-36.917293,-37.37594,nan,nan,nan,-38.992481
1547.41,-33.616541,-35.849624,-36.661654,nan,nan,nan,nan,-38.766917
1547.4187,-33.473684,-35.571429,-36.533835,-37.06015,nan,nan,nan,-38.548872
1547.4273,-33.338346,-35.413534,-36.496241,-36.962406,nan,nan,nan,-38.421053
1547.436,-33.210526,-35.270677,-36.466165,-36.819549,-37.233083,nan,nan,-38.225564
1547.4446,-33.090226,-35.135338,-36.421053,-36.759398,-37.142857,nan,nan,-38.12782
1547.4533,-33,-35.015038,-36.323308,-36.669173,-37.022556,nan,nan,-37.954887
1547.4619,-32.932331,-34.917293,-36.18797,-36.601504,-36.954887,nan,nan,-37.857143
1547.4706,-32.857143,-34.827068,-36.022556,-36.541353,-36.87218,nan,nan,-37.721805
1547.4792,-32.827068,-34.774436,-35.887218,-36.481203,-36.81203,-37.157895,nan,-37.639098
1547.4879,-32.81203,-34.706767,-35.781955,-36.43609,-36.766917,-37.082707,nan,-37.556391
1547.4965,-32.796992,-34.676692,-35.706767,-36.413534,-36.729323,-37.030075,-37.263158,-37.496241
1547.5052,-32.804511,-34.639098,-35.639098,-36.368421,-36.706767,-36.992481,-37.233083,-37.421053
1547.5138,-32.804511,-34.62406,-35.586466,-36.323308,-36.654135,-36.962406,-37.180451,-37.368421
1547.5225,-32.819549,-34.609023,-35.541353,-36.293233,-36.62406,-36.932331,-37.150376,-37.315789
1547.5311,-32.834586,-34.593985,-35.518797,-36.263158,-36.593985,-36.902256,-37.120301,-37.278195
1547.5398,-32.857143,-34.593985,-35.503759,-36.24812,-36.571429,-36.87218,-37.105263,-37.255639
1547.5484,-32.887218,-34.593985,-35.488722,-36.240602,-36.548872,-36.842105,-37.090226,-37.225564
1547.5571,-32.924812,-34.593985,-35.488722,-36.233083,-36.541353,-36.827068,-37.075188,-37.203008
1547.5657,-32.947368,-34.601504,-35.496241,-36.225564,-36.541353,-36.81203,-37.037594,-37.180451
1547.5744,-33,-34.616541,-35.496241,-36.218045,-36.533835,-36.804511,-37.030075,-37.172932
1547.583,-33.045113,-34.62406,-35.496241,-36.203008,-36.541353,-36.804511,-37.030075,-37.157895
1547.5917,-33.135338,-34.661654,-35.496241,-36.18797,-36.541353,-36.804511,-37.037594,-37.142857
1547.6003,-33.210526,-34.684211,-35.503759,-36.172932,-36.548872,-36.81203,-37.045113,-37.12782
1547.609,-33.330827,-34.699248,-35.518797,-36.172932,-36.571429,-36.81203,-37.052632,-37.12782
1547.6176,-33.421053,-34.729323,-35.511278,-36.165414,-36.586466,-36.819549,-37.06015,-37.12782
1547.6263,-33.56391,-34.766917,-35.518797,-36.157895,-36.601504,-36.834586,-37.06015,-37.135338
1547.6349,-33.699248,-34.789474,-35.541353,-36.157895,-36.631579,-36.842105,-37.06015,-37.135338
1547.6436,-33.857143,-34.804511,-35.578947,-36.165414,-36.661654,-36.857143,-37.052632,-37.142857
1547.6522,-33.977444,-34.819549,-35.578947,-36.172932,-36.676692,-36.87218,-37.052632,-37.142857
1547.6609,-34.112782,-34.827068,-35.601504,-36.18797,-36.699248,-36.887218,-37.413534,-37.150376
1547.6696,-34.18797,-34.842105,-35.616541,-36.203008,-36.714286,-36.902256,-38.142857,-37.150376
1547.6782,-34.233083,-34.857143,-35.669173,-36.203008,-36.714286,-36.917293,-38.195489,-37.157895
1547.6869,-34.24812,-34.87218,-35.691729,-36.24812,-36.729323,-36.93985,-39.082707,-37.180451
1547.6955,-34.240602,-34.887218,-35.714286,-36.263158,-36.744361,-36.977444,-39.75188,-37.210526
1547.7042,-34.218045,-34.917293,-35.721805,-36.300752,-36.744361,-37,-40.654135,-37.225564
1547.7128,-34.150376,-34.954887,-35.736842,-36.308271,-36.736842,-37.015038,-40.879699,-37.240602
1547.7215,-33.909774,-35,-35.759398,-36.330827,-36.736842,-37.045113,-41.503759,-37.255639
1547.7301,-33.766917,-35.052632,-35.781955,-36.338346,-36.736842,-37.06015,-42.06015,-37.270677
1547.7388,-33.609023,-35.105263,-35.804511,-36.353383,-36.744361,-37.075188,-42.353383,-37.293233
1547.7474,-33.458647,-35.157895,-35.842105,-36.368421,-36.759398,-37.090226,-42.593985,-37.308271
1547.7561,-33.300752,-35.218045,-35.864662,-36.383459,-36.774436,-37.097744,-42.796992,-37.323308
1547.7647,-33.255639,-35.255639,-35.902256,-36.390977,-36.789474,-37.112782,-42.977444,-37.338346
1547.7734,-33.142857,-35.300752,-35.932331,-36.413534,-36.81203,-37.112782,-43.030075,-37.345865
1547.782,-33.090226,-35.330827,-35.969925,-36.421053,-36.827068,-37.12782,-43.165414,-37.368421
1547.7907,-33.037594,-35.360902,-36.007519,-36.443609,-36.857143,-37.135338,-43.218045,-37.383459
1547.7993,-33.030075,-35.37594,-36.037594,-36.458647,-36.887218,-37.150376,-43.330827,-37.398496
1547.808,-33.030075,-35.383459,-36.067669,-36.488722,-36.917293,-37.165414,-43.390977,-37.421053
1547.8166,-33.037594,-35.390977,-36.090226,-36.503759,-36.947368,-37.195489,-43.503759,-37.443609
1547.8253,-33.06015,-35.413534,-36.112782,-36.526316,-36.977444,-37.218045,-43.56391,-37.458647
1547.8339,-33.090226,-35.43609,-36.142857,-36.556391,-37,-37.240602,-43.62406,-37.488722
1547.8426,-33.165414,-35.481203,-36.150376,-36.586466,-37.015038,-37.263158,nan,-37.511278
1547.8512,-33.18797,-35.511278,-36.172932,-36.609023,-37.037594,-37.293233,nan,-37.526316
1547.8599,-33.300752,-35.601504,-36.195489,-36.646617,-37.052632,-37.323308,nan,-37.556391
1547.8685,-33.548872,-35.654135,-36.210526,-36.669173,-37.052632,-37.345865,nan,-37.571429
1547.8772,-33.691729,-35.744361,-36.24812,-36.714286,-37.06015,-37.368421,nan,-37.609023
1547.8858,-33.796992,-35.819549,-36.270677,-36.744361,-37.06015,-37.383459,nan,-37.609023
1547.8945,-33.947368,-35.924812,-36.308271,-36.774436,-37.067669,-37.406015,nan,-37.639098
1547.9031,-34.120301,-35.992481,-36.353383,-36.796992,-37.075188,-37.413534,nan,-37.646617
1547.9118,-34.278195,-36.067669,-36.390977,-36.827068,-37.097744,-37.428571,nan,-37.661654
1547.9204,-34.526316,-36.12782,-36.451128,-36.842105,-37.120301,-37.43609,nan,-37.676692
1547.9291,-34.684211,-36.203008,-36.488722,-36.864662,-37.142857,-37.443609,nan,-37.691729
1547.9377,-34.93985,-36.218045,-36.518797,-36.87218,-37.180451,-37.458647,nan,-37.706767
1547.9464,-35.120301,-36.233083,-36.541353,-36.87218,-37.203008,-37.458647,nan,-37.721805
1547.955,-35.345865,-36.240602,-36.556391,-36.87218,-37.225564,-37.466165,-40.759398,-37.736842
1547.9637,-35.556391,-36.24812,-36.571429,-36.879699,-37.24812,-37.466165,nan,-37.75188
1547.9723,-35.714286,-36.255639,-36.578947,-36.887218,-37.270677,-37.473684,nan,-37.759398
1547.981,-35.887218,-36.270677,-36.578947,-36.909774,-37.278195,-37.473684,nan,-37.774436
1547.9896,-35.992481,-36.338346,-36.601504,-36.962406,-37.315789,-37.488722,-37.721805,-37.789474
1547.9983,-36.112782,-36.368421,-36.62406,-36.969925,-37.330827,-37.503759,-37.729323,-37.804511
1548.0069,-37.240602,-36.37594,-36.661654,-37.007519,-37.353383,-37.518797,nan,-37.819549
1548.0156,-38,-36.398496,-36.706767,-37.037594,-37.368421,-37.526316,-37.736842,-37.834586
1548.0242,-38.150376,-36.481203,-36.744361,-37.090226,-37.390977,-37.556391,-37.759398,-37.857143
1548.0329,-38.345865,-36.526316,-36.781955,-37.12782,-37.406015,-37.571429,-37.781955,-37.87218
1548.0415,-38.511278,nan,-36.842105,-37.180451,-37.421053,-37.601504,-37.804511,-37.894737
1548.0502,-38.984962,-37.338346,-36.894737,-37.203008,-37.43609,-37.631579,-37.81203,-37.917293
1548.0588,-39.210526,nan,-36.969925,-37.233083,-37.451128,-37.646617,-37.834586,-37.924812
1548.0675,-39.511278,-38.037594,-37.007519,-37.255639,-37.466165,-37.676692,-37.857143,-37.924812
1548.0761,-39.819549,-38.082707,-37.075188,-37.270677,-37.466165,-37.691729,-37.887218,-37.947368
1548.0848,-40.353383,-38.12782,-37.135338,-37.293233,-37.473684,-37.721805,-37.902256,-37.962406
1548.0934,-40.744361,-38.142857,-37.180451,-37.308271,-37.473684,-37.75188,-40.924812,-37.962406
1548.1021,-41.075188,-38.157895,-37.218045,-37.338346,-37.481203,-37.744361,nan,-37.962406
1548.1107,-41.360902,-38.150376,-37.225564,-37.338346,-37.481203,-37.744361,nan,-37.954887
1548.1194,-41.691729,-38.150376,-37.240602,-37.353383,-37.496241,-37.75188,nan,-37.947368
1548.128,-41.894737,-38.12782,-37.24812,-37.360902,-37.496241,-37.736842,nan,-37.93985
1548.1367,-42.225564,-38.075188,-37.24812,-37.383459,-37.511278,-37.721805,nan,-37.924812
1548.1453,-42.43609,-38.037594,-37.270677,-37.398496,-37.533835,-37.714286,nan,-37.917293
1548.154,-42.759398,-37.804511,-37.285714,-37.421053,-37.548872,-37.714286,nan,-37.917293
1548.1626,-42.894737,nan,-37.323308,-37.43609,-37.556391,-37.714286,nan,-37.917293
1548.1713,-43.045113,nan,-37.345865,nan,-37.56391,-37.729323,nan,-37.924812
1548.1799,-43.165414,nan,-37.398496,nan,-37.578947,-37.75188,nan,-37.932331
1548.1886,-43.353383,nan,nan,nan,-37.609023,-37.766917,nan,-37.947368
1548.1972,-43.451128,nan,nan,nan,-37.631579,-37.781955,nan,-37.969925
1548.2059,-43.541353,-37.496241,-38.142857,nan,-37.654135,-37.796992,nan,-37.992481
1548.2145,-43.62406,-37.548872,-38.218045,nan,nan,-37.819549,nan,-38.015038
1548.2232,nan,-38.518797,-38.255639,-37.646617,nan,-37.842105,nan,-38.030075
1548.2318,nan,-38.616541,-38.270677,-37.661654,nan,-37.87218,nan,-38.045113
1548.2405,nan,-38.887218,-38.278195,-37.699248,nan,-37.894737,nan,-38.06015
1548.2491,nan,-38.984962,-38.300752,-37.721805,nan,-37.932331,nan,-38.082707
1548.2578,nan,-39.225564,-38.330827,-37.744361,-37.842105,-37.954887,nan,-38.105263
1548.2664,nan,-39.586466,-38.353383,-37.759398,-37.849624,-37.962406,nan,-38.112782
1548.2751,nan,-39.834586,-38.368421,-37.774436,-37.879699,-37.984962,-41.045113,-38.112782
1548.2837,nan,-40.06015,nan,-38.270677,-37.887218,-38,nan,-38.12782
1548.2924,nan,-40.285714,-38.067669,-38.308271,-37.902256,-38.015038,nan,-38.135338
1548.301,nan,-40.398496,-38.075188,-38.330827,-37.917293,-38.037594,nan,-38.150376
1548.3097,nan,-40.428571,nan,-38.368421,-37.932331,-38.045113,-41.06015,-38.157895
1548.3183,nan,-40.443609,-38.090226,-38.398496,-37.962406,-38.052632,-41.06015,-38.172932
1548.327,nan,-40.368421,-38.097744,-38.451128,-37.984962,-38.06015,nan,-38.195489
1548.3356,nan,-40.150376,-38.548872,-38.466165,-38.300752,nan,nan,-38.210526
1548.3443,nan,-39.932331,-38.571429,nan,-38.353383,nan,nan,-38.240602
1548.3529,nan,-39.842105,-38.759398,nan,-38.413534,nan,nan,-38.263158
1548.3616,nan,-39.676692,-38.834586,nan,-38.443609,nan,nan,-38.293233
1548.3702,nan,-38.135338,-38.984962,nan,-38.473684,nan,nan,-38.315789
1548.3789,nan,-37.992481,-39.052632,nan,-38.488722,nan,nan,-38.353383
1548.3875,nan,-37.887218,-39.18797,nan,-38.511278,nan,-41.052632,-38.368421
1548.3962,nan,-37.781955,-39.353383,nan,-38.526316,nan,nan,-38.383459
1548.4048,nan,-37.714286,-39.488722,nan,-38.541353,nan,nan,-38.43609
1548.4135,nan,-37.541353,-39.548872,-38.706767,-38.56391,nan,nan,-38.451128
1548.4221,nan,-37.330827,-39.556391,-38.759398,nan,nan,nan,-38.488722
1548.4308,nan,-37.255639,-39.571429,-38.834586,nan,nan,nan,-38.533835
1548.4394,nan,-37.18797,-39.548872,-38.894737,nan,nan,nan,-38.578947
1548.4481,nan,-37.157895,-39.496241,-39.007519,nan,nan,nan,-38.609023
1548.4567,nan,-37.172932,-39.481203,-39.067669,nan,nan,nan,-38.646617
1548.4654,nan,-37.218045,-39.421053,-39.112782,nan,nan,nan,-38.676692
1548.474,nan,-37.338346,-38.819549,-39.142857,-38.887218,nan,nan,-38.706767
1548.4827,nan,-37.556391,-38.827068,-39.195489,-38.909774,nan,nan,-38.736842
1548.4913,nan,-37.804511,-38.834586,-39.24812,-38.924812,nan,nan,-38.744361
1548.5,nan,-38.037594,-38.842105,-39.285714,-38.932331,-38.857143,nan,-38.759398
1548.5087,nan,-38.120301,-39.052632,-39.293233,-38.93985,-38.857143,nan,-38.781955
1548.5173,nan,-38.330827,-39.075188,-39.278195,-38.93985,-38.857143,nan,-38.781955
1548.526,nan,-39.804511,-39.112782,-39.278195,-38.93985,nan,nan,-38.781955
1548.5346,nan,-40.330827,-39.390977,-39.263158,-38.93985,nan,nan,-38.796992
1548.5433,nan,-40.691729,-39.533835,-39.24812,-38.932331,nan,nan,-38.827068
1548.5519,nan,-40.984962,-39.691729,-39.255639,-38.932331,nan,nan,-38.857143
1548.5606,nan,-41.315789,-39.902256,-39.285714,-38.954887,nan,nan,-38.887218
1548.5692,nan,-41.714286,-40.090226,nan,-39,nan,nan,-38.917293
1548.5779,nan,-42.030075,-40.233083,-39.526316,nan,nan,nan,-38.93985
1548.5865,nan,-42.150376,-40.315789,-39.646617,nan,nan,nan,-38.947368
1548.5952,nan,-42.210526,-40.368421,-39.796992,-39.398496,nan,nan,-38.969925
1548.6038,nan,-42.233083,-40.398496,-39.879699,-39.473684,-39.180451,nan,-38.992481
1548.6125,nan,-42.150376,-40.473684,-40,-39.533835,-39.218045,nan,-39.030075
1548.6211,nan,-41.962406,-40.481203,-40.067669,-39.62406,-39.270677,nan,-39.052632
1548.6298,nan,-41.518797,-40.488722,-40.112782,-39.676692,-39.293233,nan,-39.067669
1548.6384,nan,-41.345865,-40.473684,-40.150376,-39.714286,-39.330827,-39.022556,-39.097744
1548.6471,nan,-41.12782,-40.428571,-40.172932,-39.75188,-39.368421,-39.045113,-39.142857
1548.6557,nan,-40.947368,-40.413534,-40.18797,-39.81203,-39.406015,-39.06015,-39.18797
1548.6644,nan,-38.804511,-39.541353,-40.18797,-39.834586,-39.451128,-39.067669,-39.18797
1548.673,nan,-38.548872,-39.548872,-40.172932,-39.857143,-39.496241,-41.609023,-39.172932
1548.6817,nan,-38.293233,-39.007519,-40.150376,-39.857143,-39.518797,-39.300752,-39.195489
1548.6903,nan,-38.135338,-38.977444,-40.12782,-39.834586,nan,-39.37594,-39.218045
1548.699,nan,-37.789474,-38.969925,-40.097744,-39.827068,nan,-39.421053,-39.240602
1548.7076,nan,-37.473684,-38.977444,-40.015038,-39.834586,nan,-39.458647,-39.278195
1548.7163,nan,-37.090226,-39,nan,-39.842105,nan,-39.496241,-39.323308
1548.7249,nan,-36.781955,-39,nan,nan,-39.654135,-39.526316,-39.345865
1548.7336,nan,-36.533835,-39.030075,nan,nan,-39.691729,-39.56391,-39.390977
1548.7422,nan,-36.323308,-39.067669,nan,nan,-39.774436,-39.578947,-39.421053
1548.7509,nan,-36.12782,-39.105263,nan,nan,-39.81203,-39.601504,-39.458647
1548.7595,nan,-35.864662,-39.18797,nan,nan,-39.857143,-39.609023,-39.503759
1548.7682,nan,-35.729323,-39.661654,nan,nan,-39.909774,nan,-39.533835
1548.7768,nan,-35.62406,-39.721805,nan,nan,-39.962406,nan,-39.62406
1548.7855,nan,-35.533835,-39.87218,nan,-40.218045,-40.037594,nan,-39.917293
1548.7941,nan,-35.496241,-40.93985,nan,-40.255639,-40.06015,nan,-39.684211
1548.8028,nan,-35.451128,-41.067669,-40.496241,-40.285714,-40.075188,nan,-39.729323
1548.8114,nan,-35.43609,-41.225564,-40.578947,-40.300752,-40.097744,nan,-39.781955
1548.8201,nan,-35.428571,-41.37594,-40.601504,-40.308271,nan,nan,-39.81203
1548.8287,nan,-35.421053,-41.473684,-40.616541,-40.315789,nan,nan,-39.834586
1548.8374,nan,-35.421053,-41.473684,-40.62406,-40.338346,nan,nan,-39.917293
1548.846,nan,-35.428571,-41.473684,-40.631579,-40.345865,nan,-40.180451,-39.969925
1548.8547,nan,-35.428571,-41.451128,-40.62406,-40.338346,nan,-40.203008,-39.992481
1548.8633,nan,-35.443609,-41.353383,-40.616541,-40.308271,nan,-40.233083,-40.015038
1548.872,nan,-35.466165,-41.240602,-40.586466,-39.857143,nan,-40.240602,-40.030075
1548.8806,nan,-35.488722,-41.06015,-40.503759,-39.842105,nan,-40.255639,-40.105263
1548.8893,nan,-35.541353,-40.93985,-40.473684,-39.842105,nan,-40.255639,-40.135338
1548.8979,nan,-35.571429,-40.421053,nan,-39.834586,nan,-40.255639,-40.142857
1548.9066,nan,-35.774436,-39.481203,-39.654135,-39.834586,-40.368421,nan,-40.157895
1548.9152,nan,-35.879699,-39.383459,-39.639098,-39.842105,-40.406015,nan,-40.142857
1548.9239,nan,-35.977444,-39.255639,-39.631579,-39.849624,-40.421053,nan,-40.120301
1548.9325,nan,-36.075188,-39.172932,-39.631579,-39.857143,-40.428571,nan,-40.097744
1548.9412,nan,-36.165414,-39.052632,-39.639098,-39.879699,-40.451128,nan,-40.097744
1548.9498,nan,-36.255639,-38.879699,-39.654135,-39.887218,-40.451128,nan,-40.105263
1548.9585,nan,-36.353383,-38.759398,-39.684211,-39.932331,-40.458647,nan,-40.112782
1548.9671,nan,-36.473684,-38.736842,-39.706767,nan,-40.458647,-40.180451,-40.112782
1548.9758,nan,-36.578947,-38.721805,-39.796992,-40.639098,-40.481203,nan,-40.120301
1548.9844,nan,-36.691729,-38.736842,-39.857143,-40.669173,-40.496241,nan,-40.135338
1548.9931,nan,-36.804511,-38.774436,-40.849624,-40.661654,nan,nan,-40.180451
1549.0017,nan,-36.93985,-38.887218,-41.015038,-40.661654,-39.962406,-40.451128,-40.240602
1549.0104,nan,-37.067669,-38.962406,-41.06015,-40.661654,-39.954887,nan,-40.308271
1549.019,nan,-37.255639,-39.293233,-41.150376,-40.669173,-39.954887,nan,-40.345865
1549.0277,nan,-37.406015,-39.428571,-41.203008,-40.669173,-39.962406,nan,-40.383459
1549.0363,nan,-37.586466,-39.481203,-41.338346,-40.669173,-39.992481,nan,-40.421053
1549.045,nan,-37.759398,-39.646617,-41.406015,-40.654135,-40.015038,nan,-40.473684
1549.0536,nan,-37.954887,-39.864662,-41.443609,nan,-40.037594,-40.345865,-40.496241
1549.0623,nan,-38.142857,-40.781955,-41.43609,nan,-40.067669,-40.345865,-40.518797
1549.0709,nan,-38.323308,-41.75188,-41.368421,nan,-40.075188,-40.330827,-40.496241
1549.0796,nan,-38.548872,-41.947368,-41.18797,nan,-40.082707,-40.293233,-40.473684
1549.0882,nan,-38.774436,-42.037594,-41.165414,nan,-40.691729,-40.24812,-40.43609
1549.0969,nan,-39.007519,-42.112782,-41.142857,-40.030075,-40.706767,-40.203008,-40.390977
1549.1055,nan,-39.172932,-42.270677,-41.045113,-40.06015,-40.714286,-40.180451,-40.368421
1549.1142,nan,-39.308271,-42.345865,-40.917293,-40.090226,-40.706767,-40.180451,-40.345865
1549.1228,nan,-39.496241,-42.300752,-39.93985,nan,-40.714286,-40.180451,-40.345865
1549.1315,nan,-39.548872,-42.263158,-39.894737,-40.902256,-40.736842,-40.466165,-40.308271
1549.1401,nan,nan,-42.210526,-39.902256,-40.954887,-40.759398,-40.473684,-40.315789
1549.1488,nan,nan,-42.022556,-39.864662,-41.06015,-40.774436,-40.541353,-40.338346
1549.1574,nan,nan,-41.93985,-39.81203,-41.097744,-40.789474,-40.593985,-40.406015
1549.1661,nan,nan,-41.849624,-39.796992,-41.12782,nan,-40.639098,-40.43609
1549.1747,nan,nan,-41.721805,-39.781955,-41.150376,nan,-40.691729,-40.451128
1549.1834,nan,nan,-41.631579,-39.819549,-41.293233,nan,-40.721805,-40.661654
1549.192,nan,nan,-39.586466,-39.93985,-41.338346,nan,-40.736842,-40.586466
1549.2007,nan,-41.654135,-39.481203,-39.969925,-41.338346,-40.293233,-40.744361,-40.631579
1549.2093,nan,-41.729323,-39.263158,-40.007519,-41.330827,-40.338346,-40.75188,-40.631579
1549.218,nan,-41.759398,-39.233083,-40.022556,-41.308271,-40.338346,-40.75188,-40.616541
1549.2266,nan,-41.849624,-39.120301,-40.105263,-41.233083,-40.323308,-40.496241,-40.616541
1549.2353,nan,-42.007519,-38.887218,-40.210526,-41.255639,nan,-40.466165,-40.601504
1549.2439,nan,-42.142857,-38.631579,-41.654135,-41.263158,-40.81203,-40.406015,-40.578947
1549.2526,nan,-42.255639,-38.473684,-41.684211,nan,-40.887218,-40.360902,-40.548872
1549.2612,nan,-42.315789,-38.360902,-41.684211,nan,-40.917293,-40.353383,-40.526316
1549.2699,nan,-42.383459,-38.293233,-41.721805,-40.225564,-40.992481,-40.338346,-40.503759
1549.2785,nan,-42.488722,-38.165414,-41.75188,-40.218045,-41.030075,-40.338346,-40.503759
1549.2872,nan,-42.571429,-38.18797,-41.781955,-40.203008,-41.090226,-40.345865,-40.488722
1549.2958,nan,-42.684211,-38.135338,-41.766917,-40.203008,-41.225564,-40.353383,-40.503759
1549.3045,nan,-42.781955,-38.135338,-41.759398,-40.210526,-41.278195,-40.360902,-40.601504
1549.3131,nan,-42.864662,-38.165414,-41.744361,-40.218045,-41.315789,nan,-40.62406
1549.3218,nan,-42.909774,-38.263158,-41.714286,-40.240602,-41.353383,-41.075188,-40.691729
1549.3304,nan,-42.969925,-38.330827,-41.684211,-40.270677,-41.390977,-41.12782,-40.75188
1549.3391,nan,-43.052632,-38.488722,-41.541353,-40.353383,nan,-41.263158,-40.834586
1549.3478,nan,-43.120301,-38.676692,-41.466165,-40.37594,nan,-41.323308,-40.879699
1549.3564,nan,-43.172932,-38.947368,-40.12782,-40.413534,nan,-41.383459,-41.06015
1549.3651,nan,-43.210526,-39.142857,-40.015038,-40.43609,-40.654135,-41.406015,-41.120301
1549.3737,nan,-43.263158,-39.218045,-40.030075,-41.503759,-40.661654,-41.413534,-41.18797
1549.3824,nan,-43.293233,-39.240602,-40.045113,-41.556391,-40.699248,-41.413534,-41.210526
1549.391,nan,-43.330827,-39.443609,-39.969925,-41.56391,-40.669173,-41.406015,-41.218045
1549.3997,nan,-43.353383,-40.218045,-39.827068,-41.586466,-40.62406,nan,-41.218045
1549.4083,nan,-43.383459,-40.781955,-39.721805,-41.578947,-40.571429,nan,-41.18797
1549.417,nan,-43.398496,-41.789474,-39.684211,-41.586466,-40.541353,nan,-41.12782
1549.4256,nan,-43.421053,-41.962406,-39.684211,-41.533835,-40.533835,nan,-41.082707
1549.4343,nan,-43.443609,-42.157895,-39.714286,-41.511278,-40.533835,nan,-41.007519
1549.4429,nan,-43.458647,-42.300752,-39.766917,-41.518797,-40.526316,-40.639098,-40.969925
1549.4516,nan,-43.481203,-42.315789,-39.857143,-41.571429,nan,-40.616541,-40.834586
1549.4602,nan,-43.503759,-42.488722,-40.022556,-41.556391,-41.210526,-40.601504,-40.804511
1549.4689,nan,-43.518797,-42.879699,-40.015038,nan,-41.225564,-40.593985,-40.766917
1549.4775,nan,-43.541353,-42.992481,-40.022556,-40.466165,-41.270677,-42.203008,-40.75188
1549.4862,nan,-43.556391,-42.977444,-40.112782,-40.428571,-41.345865,nan,-40.744361
1549.4948,nan,-43.571429,-43,-41.736842,-40.390977,-41.413534,nan,-40.789474
1549.5035,nan,-43.601504,-42.962406,-41.819549,-40.398496,-41.488722,nan,-40.827068
1549.5121,nan,-43.616541,-42.93985,-42.037594,-40.383459,-41.533835,nan,-40.932331
1549.5208,nan,-43.62406,-42.864662,-42.045113,-40.338346,-41.56391,nan,-41.007519
1549.5294,nan,-43.646617,-42.789474,-42.195489,-40.323308,-41.578947,nan,-41.097744
1549.5381,nan,nan,-41.488722,-42.24812,-40.323308,-41.601504,nan,-41.180451
1549.5467,nan,nan,-40.909774,-42.390977,-40.345865,nan,nan,-41.255639
1549.5554,nan,nan,-41.631579,-42.443609,-40.406015,-40.864662,nan,-41.278195
1549.564,nan,nan,-41.609023,-42.443609,-40.406015,-40.87218,nan,-41.330827
1549.5727,nan,nan,-39.969925,-42.451128,-40.413534,-40.864662,nan,-41.353383
1549.5813,nan,nan,-39.849624,-42.390977,-40.458647,-40.804511,nan,-41.345865
1549.59,nan,nan,-39.609023,-42.390977,-41.691729,-40.729323,-41.142857,-41.37594
1549.5986,nan,nan,-39.428571,-42.443609,-41.714286,-40.676692,nan,-41.330827
1549.6073,nan,nan,-39.112782,-42.390977,-41.849624,-40.639098,-40.962406,-41.270677
1549.6159,nan,nan,-38.789474,nan,-41.879699,-40.616541,-40.894737,-41.225564
1549.6246,nan,nan,-38.466165,-40.330827,-41.894737,-40.609023,-40.827068,-41.12782
1549.6332,nan,nan,-38.218045,-40.270677,-42.06015,-40.616541,-40.789474,-41.075188
1549.6419,nan,nan,-38.045113,-40.157895,-42.142857,-40.62406,-40.774436,-40.984962
1549.6505,nan,nan,-37.864662,-40.067669,-42.157895,-40.631579,-40.766917,-40.947368
1549.6592,nan,nan,-37.616541,-39.992481,-42.150376,-41.300752,-40.759398,-40.924812
1549.6678,nan,nan,-37.451128,-39.827068,-42.165414,-41.368421,-40.759398,-40.917293
1549.6765,nan,nan,-37.300752,-39.601504,-42.180451,-41.533835,-40.766917,-40.932331
1549.6851,nan,nan,-37.165414,-39.496241,-42.157895,-41.714286,-40.774436,-41.015038
1549.6938,nan,nan,-37.052632,-39.360902,nan,-41.864662,nan,-41.030075
1549.7024,nan,nan,-36.887218,-39.308271,-40.744361,-41.932331,nan,-41.12782
1549.7111,nan,nan,-36.774436,-39.293233,-40.75188,-41.977444,nan,-41.18797
1549.7197,nan,nan,-36.533835,-39.300752,-40.729323,-42.015038,nan,-41.308271
1549.7284,nan,nan,-36.481203,-39.308271,-40.706767,-42.037594,-41.804511,-41.458647
1549.737,nan,nan,-36.443609,-39.390977,-40.616541,-42.045113,-41.849624,-41.533835
1549.7457,nan,nan,-36.421053,-39.496241,-40.466165,-42.045113,-41.87218,-41.601504
1549.7543,nan,nan,-36.458647,-39.62406,-40.360902,-42.022556,-41.887218,-41.669173
1549.763,nan,nan,-36.428571,-39.714286,-40.308271,-41.330827,-41.894737,-41.691729
1549.7716,nan,nan,-36.428571,-39.781955,-40.278195,-41.24812,-41.894737,-41.691729
1549.7803,nan,nan,-36.43609,-39.879699,-40.270677,-41.075188,-41.894737,-41.684211
1549.7889,nan,nan,-36.466165,-39.962406,-40.285714,-40.924812,-41.879699,-41.646617
1549.7976,nan,nan,-36.443609,-40.037594,-40.330827,-40.834586,-41.842105,-41.548872
1549.8062,nan,nan,-36.43609,-41.954887,-40.345865,-40.766917,nan,-41.481203
1549.8149,nan,nan,-36.413534,-42,-40.383459,-40.699248,nan,-41.383459
1549.8235,nan,nan,-36.398496,-42.195489,-40.428571,-40.676692,nan,-41.330827
1549.8322,nan,nan,-36.428571,-42.503759,-41.586466,-40.654135,nan,-41.24812
1549.8408,nan,nan,-36.481203,-42.669173,-41.616541,-40.654135,-40.864662,-41.18797
1549.8495,nan,nan,-36.511278,-42.87218,-41.736842,-40.661654,-40.849624,-41.172932
1549.8581,nan,nan,-36.578947,-42.947368,-41.87218,-40.661654,-40.842105,-41.150376
1549.8668,nan,nan,-36.796992,-43.022556,-42.105263,-40.676692,-40.842105,-41.082707
1549.8754,nan,nan,-36.917293,-43.052632,-42.255639,-40.706767,-40.842105,-41.06015
1549.8841,nan,nan,-37.082707,-43.06015,-42.421053,nan,-40.87218,-41.097744
1549.8927,nan,nan,-41.526316,-43.075188,-42.518797,nan,-40.894737,-41.150376
1549.9014,nan,nan,-41.646617,-43.067669,-42.586466,nan,nan,-41.203008
1549.91,nan,nan,-37.37594,-43.052632,-42.631579,nan,nan,-41.323308
1549.9187,nan,nan,-37.421053,-42.977444,-42.646617,nan,nan,-41.421053
1549.9273,nan,nan,-37.496241,-40.947368,-42.631579,-42.300752,nan,-41.548872
1549.936,nan,nan,-37.541353,-40.992481,-42.616541,-42.353383,nan,-41.661654
1549.9446,nan,nan,-37.661654,nan,-42.496241,-42.37594,nan,-41.699248
1549.9533,nan,nan,-37.789474,-40.601504,-41.451128,-42.37594,-42.210526,-41.796992
1549.9619,nan,nan,-37.909774,-40.37594,-41.338346,-42.390977,-42.210526,-41.834586
1549.9706,nan,nan,-38.037594,-40.12782,-41.18797,-42.390977,-42.225564,-41.849624
1549.9792,nan,nan,-38.180451,-40,-41.022556,-42.37594,-42.218045,-41.781955
1549.9879,nan,nan,-38.293233,-39.81203,-40.781955,-42.353383,-42.233083,-41.781955
1549.9965,nan,nan,-38.428571,-39.699248,-40.646617,nan,-42.180451,-41.81203
1550.0052,nan,nan,-38.548872,-39.578947,-40.503759,nan,nan,-41.736842
1550.0138,nan,nan,-38.766917,-39.390977,-40.406015,nan,nan,-41.721805
1550.0225,nan,nan,-41.022556,-39.270677,-40.24812,nan,nan,-41.62406
1550.0311,nan,nan,-41.075188,-39.105263,-40.180451,-40.894737,nan,-41.541353
1550.0398,nan,nan,nan,-38.977444,-40.12782,-40.834586,nan,-41.390977
1550.0484,nan,nan,-39.503759,-38.894737,-40.105263,-40.781955,-41.015038,-41.315789
1550.0571,nan,nan,-39.518797,-38.804511,-40.120301,-40.759398,-41,-41.210526
1550.0657,nan,nan,-39.601504,-38.766917,-40.135338,-40.736842,-40.984962,-41.165414
1550.0744,nan,nan,-39.721805,-38.759398,-40.180451,-40.736842,-40.977444,-41.157895
1550.083,nan,nan,-39.781955,-38.759398,-40.278195,-40.729323,-40.977444,-41.165414
1550.0917,nan,nan,-39.87218,-38.766917,-40.323308,-40.729323,-40.984962,-41.142857
1550.1003,nan,nan,-39.954887,-38.81203,-40.390977,-40.736842,-40.992481,-41.195489
1550.109,nan,nan,-40.586466,-38.879699,-40.428571,-40.744361,-41.007519,-41.308271
1550.1176,nan,nan,-40.616541,-38.977444,nan,-40.796992,-41.052632,-41.345865
1550.1263,nan,nan,-40.661654,-39.090226,nan,-40.834586,-41.112782,-41.548872
1550.1349,nan,nan,-40.706767,-39.240602,nan,-40.87218,nan,-41.706767
1550.1436,nan,nan,-40.827068,-39.406015,-42.443609,nan,-41.406015,-41.917293
1550.1522,nan,nan,-41.06015,-39.548872,-42.458647,nan,nan,-42.022556
1550.1609,nan,nan,-41.195489,-39.774436,-42.857143,nan,-41.714286,-42.120301
1550.1696,nan,nan,-41.481203,-39.962406,-42.947368,-42.601504,nan,-42.218045
1550.1782,nan,nan,-41.654135,-40.285714,-43.007519,-42.669173,nan,-42.300752
1550.1869,nan,nan,nan,-40.473684,-43.06015,-42.721805,nan,-42.300752
1550.1955,nan,nan,nan,-40.834586,-43.067669,-42.744361,nan,-42.308271
1550.2042,nan,nan,nan,-40.992481,-43.082707,-42.75188,-42.56391,-42.293233
1550.2128,nan,nan,nan,-41.045113,-43.075188,-42.75188,-42.556391,-42.240602
1550.2215,nan,nan,nan,-41.157895,-43.067669,-42.744361,-42.533835,-42.105263
1550.2301,nan,nan,nan,-41.233083,-43.045113,-42.721805,-42.458647,-42.030075
1550.2388,nan,nan,-42.857143,nan,-43.015038,-42.706767,-42.390977,-41.842105
1550.2474,nan,nan,nan,-43.218045,-42.93985,-42.661654,nan,-41.744361
1550.2561,nan,nan,nan,-43.203008,nan,-42.533835,-42.097744,-41.631579
1550.2647,nan,nan,nan,-43.218045,nan,-42.481203,nan,-41.548872
1550.2734,nan,nan,-42.451128,-43.135338,nan,-42.270677,nan,-41.398496
1550.282,nan,nan,-42.511278,-43.203008,nan,nan,nan,-41.308271
1550.2907,nan,nan,-42.541353,-43.240602,-40.533835,-40.879699,-41.007519,-41.225564
1550.2993,nan,nan,-42.518797,-43.240602,-40.413534,-40.819549,-41,-41.218045
1550.308,nan,nan,-42.496241,-43.195489,-40.323308,-40.774436,-41,-41.225564
1550.3166,nan,nan,-41.443609,-43.112782,-40.24812,-40.721805,-40.992481,-41.225564
1550.3253,nan,nan,nan,-42.977444,-40.210526,-40.691729,-41,-41.263158
1550.3339,nan,nan,nan,-42.766917,-40.142857,-40.661654,-41.007519,-41.398496
1550.3426,nan,nan,nan,-42.781955,-39.992481,-40.639098,-41.045113,-41.481203
1550.3512,nan,nan,nan,-42.736842,-39.924812,-40.639098,-41.090226,-41.736842
1550.3599,nan,nan,nan,-42.676692,-39.864662,-40.646617,-41.157895,-41.827068
1550.3685,nan,nan,-43.06015,nan,-39.834586,-40.736842,-41.255639,-41.977444
1550.3772,nan,nan,-43.097744,nan,-39.842105,-40.774436,-41.368421,-42.037594
1550.3858,nan,nan,-43.157895,-40.458647,-39.857143,-40.834586,-41.62406,-42.195489
1550.3945,nan,nan,-43.195489,-40.43609,-39.887218,-40.947368,-41.81203,-42.293233
1550.4031,nan,nan,-43.240602,-40.12782,-39.984962,-41.12782,-42.06015,-42.466165
1550.4118,nan,nan,-43.270677,-39.639098,-40.112782,-41.293233,-42.180451,-42.556391
1550.4204,nan,nan,-43.308271,-39.511278,-40.172932,-41.481203,-42.278195,-42.578947
1550.4291,nan,nan,-43.330827,-39.421053,-40.330827,-41.593985,-42.330827,-42.578947
1550.4377,nan,nan,-42.150376,-39.360902,-40.473684,-41.766917,-42.834586,-42.511278
1550.4464,nan,nan,-42.691729,-39.12782,-40.721805,-41.781955,-42.842105,-42.466165
1550.455,nan,nan,-41.909774,-38.947368,-40.917293,-42.962406,-42.827068,-42.398496
1550.4637,nan,nan,-43.458647,-38.721805,-41.06015,-43.022556,-42.789474,-42.157895
1550.4723,nan,nan,-43.481203,-38.593985,-41.165414,-43.037594,-42.75188,-42.112782
1550.481,nan,nan,-43.503759,-38.413534,-41.218045,-43.030075,-42.654135,-41.969925
1550.4896,nan,nan,-43.518797,-38.293233,-41.24812,-43.007519,-42.56391,-41.857143
1550.4983,nan,nan,-43.533835,-38.082707,-41.203008,-42.984962,-42.315789,-41.676692
1550.5069,nan,nan,-43.556391,-37.834586,nan,-42.917293,-42.195489,-41.609023
1550.5156,nan,nan,-43.571429,-37.699248,nan,-42.834586,-41.962406,-41.481203
1550.5242,nan,nan,-43.578947,-37.669173,-43.255639,-42.684211,-41.864662,-41.406015
1550.5329,nan,nan,-43.601504,-37.593985,-43.255639,-42.571429,-41.654135,-41.338346
1550.5415,nan,nan,-43.616541,-37.541353,-43.24812,-42.428571,-41.496241,-41.293233
1550.5502,nan,nan,nan,-37.466165,-43.233083,-42.210526,-41.097744,-41.315789
1550.5588,nan,nan,nan,-37.43609,-43.233083,-42.097744,-41.037594,-41.360902
1550.5675,nan,nan,nan,-37.421053,-43.225564,-42.015038,-41.045113,-41.37594
1550.5761,nan,nan,nan,-37.413534,-43.180451,nan,-41.045113,-41.458647
1550.5848,nan,nan,nan,-37.413534,-43.075188,-40.834586,-41.06015,-41.556391
1550.5934,nan,nan,nan,-37.413534,-42.969925,-40.81203,-41.090226,-41.639098
1550.6021,nan,nan,nan,-37.406015,-42.804511,-40.759398,-41.135338,-41.87218
1550.6107,nan,nan,nan,-37.406015,-42.834586,-40.744361,-41.24812,-42.105263
1550.6194,nan,nan,nan,-37.406015,-42.879699,-40.714286,-41.345865,-42.233083
1550.628,nan,nan,nan,-37.406015,-42.932331,-40.62406,-41.43609,-42.330827
1550.6367,nan,nan,nan,-37.406015,-41.06015,-40.586466,-41.556391,-42.390977
1550.6453,nan,nan,nan,-37.413534,-41.045113,-40.578947,-41.676692,-42.511278
1550.654,nan,nan,nan,-37.413534,-41.082707,-40.578947,-41.849624,-42.616541
1550.6626,nan,nan,nan,-37.413534,-41.255639,-40.593985,-42.135338,-42.714286
1550.6713,nan,nan,nan,-37.526316,-40.37594,-40.661654,-42.285714,-42.796992
1550.6799,nan,nan,nan,-37.578947,-40.240602,-40.796992,-42.368421,-42.796992
1550.6886,nan,nan,nan,-37.616541,-40.165414,-40.902256,-42.353383,-42.736842
1550.6972,nan,nan,nan,-37.661654,-40.105263,-41.015038,-43.105263,-42.669173
1550.7059,nan,nan,nan,-37.699248,-40.022556,-41.112782,-43.097744,-42.646617
1550.7145,nan,nan,nan,-37.759398,-39.902256,-41.285714,-43.090226,-42.578947
1550.7232,nan,nan,nan,-37.834586,-39.676692,-41.368421,-43.045113,-42.503759
1550.7318,nan,nan,nan,-37.917293,-39.601504,-41.368421,-42.947368,-42.270677
1550.7405,nan,nan,nan,-37.992481,-39.526316,nan,-42.864662,-42.150376
1550.7491,nan,nan,nan,-38.075188,-39.473684,nan,-42.766917,-41.947368
1550.7578,nan,nan,nan,-38.150376,-39.43609,nan,-42.676692,-41.864662
1550.7664,nan,nan,nan,-38.240602,-39.413534,nan,-42.526316,-41.721805
1550.7751,nan,nan,nan,-38.323308,-39.413534,-43.097744,-42.398496,-41.639098
1550.7837,nan,nan,nan,-38.43609,-39.428571,-43.112782,-42.12782,-41.518797
1550.7924,nan,nan,nan,-38.533835,-39.458647,-43.06015,-42.007519,-41.428571
1550.801,nan,nan,nan,-38.646617,-39.503759,-43.105263,-41.796992,-41.353383
1550.8097,nan,nan,nan,-38.744361,-39.586466,-43.135338,-41.736842,-41.308271
1550.8183,nan,nan,nan,-38.849624,-39.646617,-43.150376,-41.646617,-41.345865
1550.827,nan,nan,nan,-38.954887,-39.75188,-43.150376,-41.646617,-41.428571
1550.8356,nan,nan,nan,-39.067669,-39.857143,-43.097744,-41.120301,-41.488722
1550.8443,nan,nan,nan,-39.195489,-40,-42.954887,-41.105263,-41.503759
1550.8529,nan,nan,nan,-39.293233,-40.142857,-42.827068,-41.090226,-41.601504
1550.8616,nan,nan,nan,-39.406015,-40.270677,-42.834586,-41.075188,-41.736842
1550.8702,nan,nan,nan,-39.496241,-40.421053,-42.864662,-41.067669,-41.864662
1550.8789,nan,nan,nan,-39.62406,-40.586466,nan,-41.075188,-42.022556
1550.8875,nan,nan,nan,-39.729323,-40.631579,nan,-41.105263,-42.165414
1550.8962,nan,nan,nan,-39.87218,-40.669173,nan,-41.165414,-42.285714
1550.9048,nan,nan,nan,-39.947368,nan,nan,-41.353383,-42.481203
1550.9135,nan,nan,nan,-40.067669,nan,-40.93985,-41.556391,-42.616541
1550.9221,nan,nan,nan,-40.142857,nan,-40.834586,-41.691729,-42.699248
1550.9308,nan,nan,nan,-40.18797,nan,-40.834586,-41.924812,-42.789474
1550.9394,nan,nan,nan,-40.218045,nan,-40.774436,-42.082707,-42.902256
1550.9481,nan,nan,nan,-40.240602,nan,-40.631579,-42.278195,-42.962406
1550.9567,nan,nan,nan,nan,nan,-40.548872,-42.398496,-43.015038
1550.9654,nan,nan,nan,nan,-43.308271,-40.458647,-42.488722,-43.015038
1550.974,nan,nan,nan,-40.849624,-43.315789,-40.368421,-42.443609,-42.924812
1550.9827,nan,nan,nan,-40.804511,-43.353383,-40.338346,-42.383459,-42.842105
1550.9913,nan,nan,nan,-40.864662,-43.37594,-40.330827,nan,-42.796992
1551,nan,nan,nan,-40.962406,-43.390977,-40.323308,-43.233083,-42.75188
1551.0087,nan,nan,nan,-41.045113,-43.398496,-40.353383,-43.172932,-42.669173
1551.0173,nan,nan,nan,-41.172932,-43.398496,-40.398496,-43.112782,-42.398496
1551.026,nan,nan,nan,-41.165414,-43.390977,-40.451128,-43.120301,-42.293233
1551.0346,nan,nan,nan,-41.180451,-43.383459,-40.556391,-43.075188,-42
1551.0433,nan,nan,nan,nan,-43.368421,-40.62406,-43.015038,-41.909774
1551.0519,nan,nan,nan,nan,-43.323308,-40.75188,-42.894737,-41.75188
1551.0606,nan,nan,nan,nan,nan,-40.849624,-42.721805,-41.684211
1551.0692,nan,nan,nan,nan,nan,-40.909774,-42.466165,-41.518797
1551.0779,nan,nan,nan,nan,nan,-40.954887,-42.240602,-41.315789
1551.0865,nan,nan,nan,nan,nan,-41.007519,-42.12782,-41.24812
1551.0952,nan,nan,nan,nan,nan,nan,-42.052632,-41.210526
1551.1038,nan,nan,nan,nan,nan,nan,-41.894737,-41.210526
1551.1125,nan,nan,nan,nan,nan,nan,-41.766917,-41.300752
1551.1211,nan,nan,nan,nan,-40.977444,-42.496241,-41.789474,-41.37594
1551.1298,nan,nan,nan,nan,-40.766917,-42.56391,-41.87218,-41.466165
1551.1384,nan,nan,nan,nan,-40.684211,-42.646617,-41.090226,-41.503759
1551.1471,nan,nan,nan,nan,-40.586466,-42.81203,-41.090226,-41.56391
1551.1557,nan,nan,nan,nan,-40.511278,-42.93985,-41.082707,-41.684211
1551.1644,nan,nan,nan,nan,-40.255639,-43.135338,-41.067669,-41.924812
1551.173,nan,nan,nan,nan,-40.082707,-43.225564,-41.052632,-42.082707
1551.1817,nan,nan,nan,nan,-39.879699,-43.315789,-41.052632,-42.308271
1551.1903,nan,nan,nan,nan,-39.706767,-43.338346,-41.052632,-42.511278
1551.199,nan,nan,nan,nan,-39.593985,-43.398496,-41.067669,-42.661654
1551.2076,nan,nan,nan,nan,-39.458647,-43.421053,-41.105263,-42.789474
1551.2163,nan,nan,nan,nan,-39.293233,-43.428571,-41.157895,-42.947368
1551.2249,nan,nan,nan,nan,-39.150376,nan,-41.233083,-43.090226
1551.2336,nan,nan,nan,nan,-39.045113,nan,-41.315789,-43.18797
1551.2422,nan,nan,nan,nan,-38.932331,-42.496241,-41.43609,-43.270677
1551.2509,nan,nan,nan,nan,-38.706767,-42.609023,-41.601504,-43.285714
1551.2595,nan,nan,nan,nan,-38.654135,-42.736842,-41.721805,-43.285714
1551.2682,nan,nan,nan,nan,-38.616541,-42.796992,-41.87218,-43.278195
1551.2768,nan,nan,nan,nan,-38.533835,nan,-42.12782,-43.24812
1551.2855,nan,nan,nan,nan,-38.511278,-41.383459,-42.263158,-43.045113
1551.2941,nan,nan,nan,nan,-38.496241,-41.368421,-42.255639,-42.879699
1551.3028,nan,nan,nan,-43.428571,-38.496241,-41.345865,-42.203008,-42.781955
1551.3114,nan,nan,nan,-43.43609,-38.496241,-41.210526,-40.172932,-42.721805
1551.3201,nan,nan,nan,-43.43609,-38.488722,-41.007519,-43.24812,-42.654135
1551.3287,nan,nan,nan,-43.451128,-38.488722,-40.857143,-43.240602,-42.503759
1551.3374,nan,nan,nan,-43.466165,-38.488722,-40.676692,-43.278195,-42.203008
1551.346,nan,nan,nan,-43.473684,-38.488722,-40.511278,-43.300752,-42.007519
1551.3547,nan,nan,nan,nan,-38.488722,-40.406015,-43.315789,-41.864662
1551.3633,nan,nan,nan,nan,-38.488722,-40.315789,-43.315789,-41.759398
1551.372,nan,nan,nan,nan,-38.496241,-40.195489,-43.308271,-41.601504
1551.3806,nan,nan,nan,nan,-38.496241,-40.112782,-43.233083,-41.503759
1551.3893,nan,nan,nan,nan,-38.503759,-40.022556,-43.12782,-41.368421
1551.3979,nan,nan,nan,nan,-38.526316,-39.969925,-42.962406,-41.315789
1551.4066,nan,nan,nan,nan,-38.62406,-39.924812,-42.857143,-41.233083
1551.4152,nan,nan,nan,nan,-38.661654,-39.909774,-42.699248,-41.210526
1551.4239,nan,nan,nan,nan,-38.691729,-39.902256,-42.518797,-41.203008
1551.4325,nan,nan,nan,nan,-38.721805,-39.909774,-42.345865,-41.210526
1551.4412,nan,nan,nan,nan,-38.759398,-39.932331,-42.142857,-41.225564
1551.4498,nan,nan,nan,nan,-38.796992,-39.969925,-42,-41.255639
1551.4585,nan,nan,nan,nan,-38.842105,-40.067669,-41.924812,-41.428571
1551.4671,nan,nan,nan,nan,-38.879699,-40.120301,-41.894737,-41.488722
1551.4758,nan,nan,nan,nan,-38.902256,-40.210526,-41.150376,-41.571429
1551.4844,nan,nan,nan,nan,-38.947368,-40.293233,-41.120301,-41.639098
1551.4931,nan,nan,nan,nan,-39.030075,-40.443609,-41.112782,-41.759398
1551.5017,nan,nan,nan,nan,-39.037594,-40.526316,-41.037594,-41.947368
1551.5104,nan,nan,nan,nan,-39.097744,-40.541353,-40.969925,-42.112782
1551.519,nan,nan,nan,nan,-39.157895,-40.654135,-40.924812,-42.263158
1551.5277,nan,nan,nan,nan,-39.210526,-41.300752,-40.864662,-42.383459
1551.5363,nan,nan,nan,nan,-39.270677,-41.383459,-40.819549,-42.511278
1551.545,nan,nan,nan,nan,-39.338346,-41.443609,-40.789474,-42.691729
1551.5536,nan,nan,nan,nan,-39.443609,-41.62406,-40.789474,-42.857143
1551.5623,nan,nan,nan,nan,-39.533835,-41.842105,-40.759398,-43.037594
1551.5709,nan,nan,nan,nan,-39.639098,-42.045113,-40.774436,-43.12782
1551.5796,nan,nan,nan,nan,-39.699248,-42.218045,-40.819549,-43.218045
1551.5882,nan,nan,nan,nan,-39.804511,-42.368421,-40.87218,-43.278195
1551.5969,nan,nan,nan,nan,-39.924812,-42.578947,-40.932331,-43.360902
1551.6055,nan,nan,nan,nan,-40.015038,-42.744361,-41.022556,-43.383459
1551.6142,nan,nan,nan,nan,-40.142857,-42.834586,-41.157895,-43.37594
1551.6228,nan,nan,nan,nan,-40.240602,-42.864662,-41.293233,-43.353383
1551.6315,nan,nan,nan,nan,-40.345865,-42.849624,-41.43609,-43.300752
1551.6401,nan,nan,nan,nan,-40.428571,nan,-41.56391,-43.240602
1551.6488,nan,nan,nan,nan,-40.541353,-43.556391,-41.736842,-43.120301
1551.6574,nan,nan,nan,nan,-40.654135,-43.548872,-41.932331,-43
1551.6661,nan,nan,nan,nan,-40.744361,-43.511278,-42,-42.781955
1551.6747,nan,nan,nan,nan,-40.849624,-43.503759,-42,-42.631579
1551.6834,nan,nan,nan,nan,-40.932331,-43.503759,-41.909774,-42.503759
1551.692,nan,nan,nan,nan,-41.030075,-43.496241,-43.075188,-42.428571
1551.7007,nan,nan,nan,nan,-41.090226,-43.533835,-43.007519,-42.255639
1551.7093,nan,nan,nan,nan,-41.18797,-43.541353,-43.045113,-42.007519
1551.718,nan,nan,nan,nan,-41.210526,nan,-43.157895,-41.766917
1551.7266,nan,nan,nan,nan,-41.180451,-42.639098,-43.24812,-41.661654
1551.7353,nan,nan,nan,nan,-41.12782,-42.654135,-43.390977,-41.526316
1551.7439,nan,nan,nan,nan,nan,-42.631579,-43.451128,-41.466165
1551.7526,nan,nan,nan,nan,nan,-42.541353,-43.458647,-41.360902
1551.7612,nan,nan,nan,nan,nan,-42.338346,-43.473684,-41.270677
1551.7699,nan,nan,nan,nan,nan,-42.157895,-43.451128,-41.150376
1551.7785,nan,nan,nan,nan,nan,-41.947368,-43.398496,-41.112782
1551.7872,nan,nan,nan,nan,nan,-41.774436,-43.338346,-41.082707
1551.7958,nan,nan,nan,nan,nan,-41.654135,-43.233083,-41.075188
1551.8045,nan,nan,nan,nan,nan,-41.511278,-43.120301,-41.082707
1551.8131,nan,nan,nan,nan,-42.165414,-41.37594,-43.007519,-41.105263
1551.8218,nan,nan,nan,nan,-42.112782,-40.819549,-42.864662,-41.150376
1551.8304,nan,nan,nan,nan,-42.030075,-40.759398,-42.721805,-41.195489
1551.8391,nan,nan,nan,nan,-41.977444,-40.699248,-42.526316,-41.323308
1551.8478,nan,nan,nan,nan,nan,-40.586466,-42.37594,-41.330827
1551.8564,nan,nan,nan,nan,nan,-40.473684,-42.300752,-41.428571
1551.8651,nan,nan,nan,nan,nan,-40.345865,-42.210526,-41.609023
1551.8737,nan,nan,nan,nan,nan,-40.255639,-42.120301,-41.684211
1551.8824,nan,nan,nan,nan,nan,-40.165414,-42.090226,-41.691729
1551.891,nan,nan,nan,nan,nan,-40.090226,-41.293233,-41.819549
1551.8997,nan,nan,nan,nan,nan,-40,-41.240602,-41.842105
1551.9083,nan,nan,nan,nan,nan,-39.924812,-41.157895,-42.015038
1551.917,nan,nan,nan,nan,nan,-39.842105,-41.022556,-42.142857
1551.9256,nan,nan,nan,nan,nan,-39.774436,-40.887218,-42.24812
1551.9343,nan,nan,nan,nan,nan,-39.706767,-40.766917,-42.421053
1551.9429,nan,nan,nan,nan,nan,-39.639098,-40.654135,-42.601504
1551.9516,nan,nan,nan,nan,nan,-39.586466,-40.586466,-42.654135
1551.9602,nan,nan,nan,nan,nan,-39.511278,-40.488722,-42.789474
1551.9689,nan,nan,nan,nan,nan,-39.451128,-40.458647,-42.924812
1551.9775,nan,nan,nan,nan,nan,-39.390977,-40.428571,-43.045113
1551.9862,nan,nan,nan,nan,nan,-39.210526,-40.428571,-43.142857
1551.9948,nan,nan,nan,nan,nan,-39.157895,-40.406015,-43.233083
1552.0035,nan,nan,nan,nan,nan,-39.135338,-40.421053,-43.263158
1552.0121,nan,nan,nan,nan,nan,-39.105263,-40.473684,-43.285714
1552.0208,nan,nan,nan,nan,nan,-39.067669,-40.481203,-43.330827
1552.0294,nan,nan,nan,nan,nan,-39.06015,-40.541353,-43.345865
1552.0381,nan,nan,nan,nan,nan,-39.045113,-40.609023,-43.308271
1552.0467,nan,nan,nan,nan,nan,-39.037594,-40.691729,-43.285714
1552.0554,nan,nan,nan,nan,nan,-39.037594,-40.781955,-43.233083
1552.064,nan,nan,nan,nan,nan,-39.037594,-40.87218,-43.135338
1552.0727,nan,nan,nan,nan,nan,-39.037594,-40.932331,-43.075188
1552.0813,nan,nan,nan,nan,nan,-39.037594,-41.052632,-42.894737
1552.09,nan,nan,nan,nan,nan,-39.045113,-41.180451,-42.714286
1552.0986,nan,nan,nan,nan,nan,-39.052632,-41.270677,-42.593985
1552.1073,nan,nan,nan,nan,nan,-39.067669,-41.413534,-42.443609
1552.1159,nan,nan,nan,nan,nan,-39.12782,-41.511278,-42.210526
1552.1246,nan,nan,nan,nan,nan,-39.18797,-41.526316,-42.06015
1552.1332,nan,nan,nan,nan,nan,-39.203008,-39.338346,-41.969925
1552.1419,nan,nan,nan,nan,nan,-39.255639,-42.368421,-41.894737
1552.1505,nan,nan,nan,nan,nan,-39.383459,-42.300752,-41.827068
1552.1592,nan,nan,nan,nan,nan,-39.443609,-42.263158,-41.684211
1552.1678,nan,nan,nan,nan,nan,-39.503759,-42.37594,-41.473684
1552.1765,nan,nan,nan,nan,nan,-39.571429,-42.518797,-41.37594
1552.1851,nan,nan,nan,nan,nan,-39.631579,-42.631579,-41.285714
1552.1938,nan,nan,nan,nan,nan,-39.684211,-42.759398,-41.203008
1552.2024,nan,nan,nan,nan,nan,-39.729323,-42.87218,-41.12782
1552.2111,nan,nan,nan,nan,nan,-39.781955,-42.977444,-41.067669
1552.2197,nan,nan,nan,nan,nan,-39.842105,-43.105263,-40.992481
1552.2284,nan,nan,nan,nan,nan,-39.887218,-43.135338,-40.924812
1552.237,nan,nan,nan,nan,nan,-39.932331,-43.263158,-40.879699
1552.2457,nan,nan,nan,nan,nan,-39.969925,-43.338346,-40.834586
1552.2543,nan,nan,nan,nan,nan,-40.030075,-43.37594,-40.789474
1552.263,nan,nan,nan,nan,nan,-40.075188,-43.406015,-40.759398
1552.2716,nan,nan,nan,nan,nan,-40.12782,-43.428571,-40.736842
1552.2803,nan,nan,nan,nan,nan,-40.180451,-43.413534,-40.736842
1552.2889,nan,nan,nan,nan,nan,-40.240602,-43.37594,-40.75188
1552.2976,nan,nan,nan,nan,nan,-40.308271,-43.315789,-40.759398
1552.3062,nan,nan,nan,nan,nan,-40.383459,-43.165414,-40.781955
1552.3149,nan,nan,nan,nan,nan,-40.458647,-43.090226,-40.827068
1552.3235,nan,nan,nan,nan,nan,-40.511278,-42.93985,-40.879699
1552.3322,nan,nan,nan,nan,nan,-40.556391,-42.842105,-40.977444
1552.3408,nan,nan,nan,nan,nan,-40.616541,-42.721805,-41.067669
1552.3495,nan,nan,nan,nan,nan,-40.676692,-42.578947,-41.18797
1552.3581,nan,nan,nan,nan,nan,-40.75188,-42.473684,-41.270677
1552.3668,nan,nan,nan,nan,nan,-40.842105,-42.353383,-41.398496
1552.3754,nan,nan,nan,nan,nan,-40.917293,-42.263158,-41.616541
1552.3841,nan,nan,nan,nan,nan,nan,-42.315789,-41.827068
1552.3927,nan,nan,nan,nan,nan,-41.120301,-37.150376,-41.917293
1552.4014,nan,nan,nan,nan,nan,-41.180451,-37.180451,-41.947368
1552.41,nan,nan,nan,nan,nan,nan,-41.451128,-42.030075
1552.4187,nan,nan,nan,nan,nan,nan,-41.481203,-42.203008
1552.4273,nan,nan,nan,nan,nan,nan,-41.43609,-42.413534
1552.436,nan,nan,nan,nan,nan,nan,-41.345865,-42.571429
1552.4446,nan,nan,nan,nan,nan,-41.849624,-41.225564,-42.699248
1552.4533,nan,nan,nan,nan,nan,-41.81203,-41.112782,-42.81203
1552.4619,nan,nan,nan,nan,nan,-41.819549,-41.015038,-42.902256
1552.4706,nan,nan,nan,nan,nan,-41.879699,-40.887218,-43.015038
1552.4792,nan,nan,nan,nan,nan,-41.93985,-40.75188,-43.120301
1552.4879,nan,nan,nan,nan,nan,-41.984962,-40.654135,-43.18797
1552.4965,nan,nan,nan,nan,nan,-42.030075,-40.556391,-43.263158
1552.5052,nan,nan,nan,nan,nan,-42.075188,-40.458647,-43.330827
1552.5138,nan,nan,nan,nan,nan,-42.135338,-40.338346,-43.398496
1552.5225,nan,nan,nan,nan,nan,-42.180451,-40.24812,-43.421053
1552.5311,nan,nan,nan,nan,nan,-42.233083,-40.157895,-43.421053
1552.5398,nan,nan,nan,nan,nan,-42.285714,-40.090226,-43.428571
1552.5484,nan,nan,nan,nan,nan,-42.338346,-40,-43.421053
1552.5571,nan,nan,nan,nan,nan,-42.390977,-39.932331,-43.406015
1552.5657,nan,nan,nan,nan,nan,-42.443609,-39.864662,-43.360902
1552.5744,nan,nan,nan,nan,nan,-42.496241,-39.744361,-43.278195
1552.583,nan,nan,nan,nan,nan,-42.548872,-39.706767,-43.218045
1552.5917,nan,nan,nan,nan,nan,-42.556391,-39.676692,-43.135338
1552.6003,nan,nan,nan,nan,nan,-42.526316,-39.661654,-43.022556
1552.609,nan,nan,nan,nan,nan,nan,-39.661654,-42.924812
1552.6176,nan,nan,nan,nan,nan,nan,-39.661654,-42.804511
1552.6263,nan,nan,nan,nan,nan,nan,-39.661654,-42.721805
1552.6349,nan,nan,nan,nan,nan,nan,-39.661654,-42.609023
1552.6436,nan,nan,nan,nan,nan,nan,-39.661654,-42.458647
1552.6522,nan,nan,nan,nan,nan,-43.007519,-39.661654,-42.330827
1552.6609,nan,nan,nan,nan,nan,-43.015038,-39.661654,-42.172932
1552.6696,nan,nan,nan,nan,nan,-43.052632,-39.661654,-42.075188
1552.6782,nan,nan,nan,nan,nan,-43.082707,-39.661654,-41.954887
1552.6869,nan,nan,nan,nan,nan,-43.120301,-39.661654,-41.827068
1552.6955,nan,nan,nan,nan,nan,-43.150376,-39.669173,-41.691729
1552.7042,nan,nan,nan,nan,nan,-43.18797,-39.654135,-41.556391
1552.7128,nan,nan,nan,nan,nan,-43.210526,-39.676692,-41.443609
1552.7215,nan,nan,nan,nan,nan,-43.233083,-38.315789,-41.338346
1552.7301,nan,nan,nan,nan,nan,-43.240602,-39.819549,-41.255639
1552.7388,nan,nan,nan,nan,nan,-43.255639,-39.827068,-41.157895
1552.7474,nan,nan,nan,nan,nan,-43.263158,-39.87218,-41.075188
1552.7561,nan,nan,nan,nan,nan,-43.270677,-39.864662,-40.954887
1552.7647,nan,nan,nan,nan,nan,-43.270677,-39.894737,-40.879699
1552.7734,nan,nan,nan,nan,nan,-43.278195,-39.924812,-40.81203
1552.782,nan,nan,nan,nan,nan,-43.278195,-39.962406,-40.744361
1552.7907,nan,nan,nan,nan,nan,-43.293233,-40.015038,-40.661654
1552.7993,nan,nan,nan,nan,nan,-43.293233,-40.037594,-40.56391
1552.808,nan,nan,nan,nan,nan,-43.308271,-40.090226,-40.466165
1552.8166,nan,nan,nan,nan,nan,-43.308271,-40.082707,-40.37594
1552.8253,nan,nan,nan,nan,nan,-43.323308,-40.097744,-40.323308
1552.8339,nan,nan,nan,nan,nan,-43.323308,nan,-40.293233
1552.8426,nan,nan,nan,nan,nan,-43.323308,nan,-40.270677
1552.8512,nan,nan,nan,nan,nan,-43.338346,-40.43609,-40.240602
1552.8599,nan,nan,nan,nan,nan,-43.345865,-40.421053,-40.142857
1552.8685,nan,nan,nan,nan,nan,-43.353383,-40.458647,-39.984962
1552.8772,nan,nan,nan,nan,nan,-43.360902,-40.526316,-39.954887
1552.8858,nan,nan,nan,nan,nan,-43.360902,-40.601504,-39.93985
1552.8945,nan,nan,nan,nan,nan,-43.37594,-40.601504,-39.917293
1552.9031,nan,nan,nan,nan,nan,-43.383459,-40.676692,-39.909774
1552.9118,nan,nan,nan,nan,nan,-43.383459,-40.781955,-39.909774
1552.9204,nan,nan,nan,nan,nan,-43.398496,-40.842105,-39.909774
1552.9291,nan,nan,nan,nan,nan,-43.406015,-40.87218,-39.902256
1552.9377,nan,nan,nan,nan,nan,-43.406015,-40.924812,-39.909774
1552.9464,nan,nan,nan,nan,nan,-43.413534,-41,-39.909774
1552.955,nan,nan,nan,nan,nan,nan,-41.067669,-39.909774
1552.9637,nan,nan,nan,nan,nan,nan,-41.142857,-39.917293
1552.9723,nan,nan,nan,nan,nan,nan,-41.203008,-39.924812
1552.981,nan,nan,nan,nan,nan,nan,-41.285714,-39.909774
1552.9896,nan,nan,nan,nan,nan,nan,-41.323308,-39.917293
1552.9983,nan,nan,nan,nan,nan,nan,-41.398496,-39.93985
1553.0069,nan,nan,nan,nan,nan,nan,-41.503759,-39.947368
1553.0156,nan,nan,nan,nan,nan,nan,-41.533835,-39.977444
1553.0242,nan,nan,nan,nan,nan,nan,-41.56391,-40.120301
1553.0329,nan,nan,nan,nan,nan,nan,-41.62406,-40.157895
1553.0415,nan,nan,nan,nan,nan,nan,-41.669173,-40.195489
1553.0502,nan,nan,nan,nan,nan,nan,-41.744361,-40.233083
1553.0588,nan,nan,nan,nan,nan,nan,-41.774436,-40.270677
1553.0675,nan,nan,nan,nan,nan,nan,-40.541353,-40.300752
1553.0761,nan,nan,nan,nan,nan,nan,-41.894737,-40.345865
1553.0848,nan,nan,nan,nan,nan,nan,-41.947368,-40.383459
1553.0934,nan,nan,nan,nan,nan,nan,-42.015038,-40.428571
1553.1021,nan,nan,nan,nan,nan,nan,-40.661654,-40.473684
1553.1107,nan,nan,nan,nan,nan,nan,-42.157895,-40.518797
1553.1194,nan,nan,nan,nan,nan,nan,-39.218045,-40.556391
1553.128,nan,nan,nan,nan,nan,nan,-42.300752,-40.609023
1553.1367,nan,nan,nan,nan,nan,nan,-42.345865,-40.661654
1553.1453,nan,nan,nan,nan,nan,nan,-42.345865,-40.714286
1553.154,nan,nan,nan,nan,nan,nan,-42.390977,-40.766917
1553.1626,nan,nan,nan,nan,nan,nan,-42.466165,-40.81203
1553.1713,nan,nan,nan,nan,nan,nan,-42.503759,-40.87218
1553.1799,nan,nan,nan,nan,nan,nan,-42.56391,-40.924812
1553.1886,nan,nan,nan,nan,nan,nan,-42.601504,-40.977444
1553.1972,nan,nan,nan,nan,nan,nan,-42.586466,-41.037594
1553.2059,nan,nan,nan,nan,nan,nan,-42.639098,-41.097744
1553.2145,nan,nan,nan,nan,nan,nan,-42.676692,-41.150376
1553.2232,nan,nan,nan,nan,nan,nan,-42.699248,-41.195489
1553.2318,nan,nan,nan,nan,nan,nan,-42.729323,-41.255639
1553.2405,nan,nan,nan,nan,nan,nan,-42.744361,-41.308271
1553.2491,nan,nan,nan,nan,nan,nan,-42.789474,-41.368421
1553.2578,nan,nan,nan,nan,nan,nan,-42.834586,-41.421053
1553.2664,nan,nan,nan,nan,nan,nan,-42.849624,-41.481203
1553.2751,nan,nan,nan,nan,nan,nan,-42.879699,-41.541353
1553.2837,nan,nan,nan,nan,nan,nan,-42.924812,-41.593985
1553.2924,nan,nan,nan,nan,nan,nan,-42.93985,-41.646617
1553.301,nan,nan,nan,nan,nan,nan,-42.962406,-41.706767
1553.3097,nan,nan,nan,nan,nan,nan,-42.984962,-41.759398
1553.3183,nan,nan,nan,nan,nan,nan,-43.007519,-41.81203
1553.327,nan,nan,nan,nan,nan,nan,-43.030075,-41.864662
1553.3356,nan,nan,nan,nan,nan,nan,-43.075188,-41.909774
1553.3443,nan,nan,nan,nan,nan,nan,-43.082707,-41.962406
1553.3529,nan,nan,nan,nan,nan,nan,-39.105263,-42
1553.3616,nan,nan,nan,nan,nan,nan,-39.210526,-42.045113
1553.3702,nan,nan,nan,nan,nan,nan,-41.18797,-42.082707
1553.3789,nan,nan,nan,nan,nan,nan,-41.210526,-42.142857
1553.3875,nan,nan,nan,nan,nan,nan,-38.962406,-42.180451
1553.3962,nan,nan,nan,nan,nan,nan,-39.263158,-42.218045
1553.4048,nan,nan,nan,nan,nan,nan,-38.954887,-42.270677
1553.4135,nan,nan,nan,nan,nan,nan,-39.12782,-42.315789
1553.4221,nan,nan,nan,nan,nan,nan,-39.270677,-42.360902
1553.4308,nan,nan,nan,nan,nan,nan,-39.278195,-42.406015
1553.4394,nan,nan,nan,nan,nan,nan,-39.180451,-42.458647
1553.4481,nan,nan,nan,nan,nan,nan,-39.052632,-42.496241
1553.4567,nan,nan,nan,nan,nan,nan,-41.135338,-42.533835
1553.4654,nan,nan,nan,nan,nan,nan,-43.240602,-42.586466
1553.474,nan,nan,nan,nan,nan,nan,-43.240602,-42.62406
1553.4827,nan,nan,nan,nan,nan,nan,-43.263158,-42.661654
1553.4913,nan,nan,nan,nan,nan,nan,-40.781955,-42.691729
1553.5,nan,nan,nan,nan,nan,nan,-40.804511,-42.721805
1553.5087,nan,nan,nan,nan,nan,nan,-43.270677,-42.75188
1553.5173,nan,nan,nan,nan,nan,nan,-43.278195,-42.781955
1553.526,nan,nan,nan,nan,nan,nan,-43.300752,-42.804511
1553.5346,nan,nan,nan,nan,nan,nan,-43.293233,-42.834586
1553.5433,nan,nan,nan,nan,nan,nan,-38.263158,-42.864662
1553.5519,nan,nan,nan,nan,nan,nan,-38.24812,-42.887218
1553.5606,nan,nan,nan,nan,nan,nan,-43.308271,-42.909774
1553.5692,nan,nan,nan,nan,nan,nan,-43.323308,-42.93985
1553.5779,nan,nan,nan,nan,nan,nan,-43.345865,-42.962406
1553.5865,nan,nan,nan,nan,nan,nan,-43.353383,-42.984962
1553.5952,nan,nan,nan,nan,nan,nan,-39.082707,-43.007519
1553.6038,nan,nan,nan,nan,nan,nan,-43.353383,-43.030075
1553.6125,nan,nan,nan,nan,nan,nan,-41.300752,-43.052632
1553.6211,nan,nan,nan,nan,nan,nan,-39.278195,-43.075188
1553.6298,nan,nan,nan,nan,nan,nan,-39.278195,-43.090226
1553.6384,nan,nan,nan,nan,nan,nan,-39.225564,-43.112782
1553.6471,nan,nan,nan,nan,nan,nan,-39.225564,-43.135338
1553.6557,nan,nan,nan,nan,nan,nan,-39.270677,-43.157895
1553.6644,nan,nan,nan,nan,nan,nan,-39.120301,-43.180451
1553.673,nan,nan,nan,nan,nan,nan,-39.18797,-43.195489
1553.6817,nan,nan,nan,nan,nan,nan,-38.977444,-43.210526
1553.6903,nan,nan,nan,nan,nan,nan,-39.112782,-43.218045
1553.699,nan,nan,nan,nan,nan,nan,-39.180451,-43.233083
1553.7076,nan,nan,nan,nan,nan,nan,-39.112782,-43.240602
1553.7163,nan,nan,nan,nan,nan,nan,-43.37594,-43.240602
1553.7249,nan,nan,nan,nan,nan,nan,-43.383459,-43.24812
1553.7336,nan,nan,nan,nan,nan,nan,-43.383459,-43.263158
1553.7422,nan,nan,nan,nan,nan,nan,-43.360902,-43.270677
1553.7509,nan,nan,nan,nan,nan,nan,nan,-43.285714
1553.7595,nan,nan,nan,nan,nan,nan,nan,-43.285714
1553.7682,nan,nan,nan,nan,nan,nan,nan,-43.285714
1553.7768,nan,nan,nan,nan,nan,nan,nan,-43.285714
1553.7855,nan,nan,nan,nan,nan,nan,nan,-43.300752
1553.7941,nan,nan,nan,nan,nan,nan,nan,-43.308271
1553.8028,nan,nan,nan,nan,nan,nan,nan,-43.315789
1553.8114,nan,nan,nan,nan,nan,nan,nan,-43.323308
1553.8201,nan,nan,nan,nan,nan,nan,nan,-43.330827
1553.8287,nan,nan,nan,nan,nan,nan,nan,-43.330827
1553.8374,nan,nan,nan,nan,nan,nan,nan,-43.338346
1553.846,nan,nan,nan,nan,nan,nan,nan,-43.345865
1553.8547,nan,nan,nan,nan,nan,nan,nan,-43.360902
1553.8633,nan,nan,nan,nan,nan,nan,nan,-43.360902
1553.872,nan,nan,nan,nan,nan,nan,nan,-43.360902
1553.8806,nan,nan,nan,nan,nan,nan,nan,-43.345865
1553.8893,nan,nan,nan,nan,nan,nan,nan,-43.345865
1553.8979,nan,nan,nan,nan,nan,nan,nan,-43.345865
1553.9066,nan,nan,nan,nan,nan,nan,nan,-43.345865
1553.9152,nan,nan,nan,nan,nan,nan,nan,-43.345865
1553.9239,nan,nan,nan,nan,nan,nan,nan,-43.345865
1553.9325,nan,nan,nan,nan,nan,nan,nan,-43.345865
1553.9412,nan,nan,nan,nan,nan,nan,nan,-43.338346
1553.9498,nan,nan,nan,nan,nan,nan,nan,-43.338346
1553.9585,nan,nan,nan,nan,nan,nan,nan,-43.338346
1553.9671,nan,nan,nan,nan,nan,nan,nan,-43.345865
1553.9758,nan,nan,nan,nan,nan,nan,nan,-43.345865
1553.9844,nan,nan,nan,nan,nan,nan,nan,-43.353383
1553.9931,nan,nan,nan,nan,nan,nan,nan,-43.353383
1554.0017,nan,nan,nan,nan,nan,nan,nan,-43.353383
1554.0104,nan,nan,nan,nan,nan,nan,nan,-43.353383
1554.019,nan,nan,nan,nan,nan,nan,nan,-43.345865
1554.0277,nan,nan,nan,nan,nan,nan,nan,-43.345865
1554.0363,nan,nan,nan,nan,nan,nan,nan,-43.353383
1554.045,nan,nan,nan,nan,nan,nan,nan,-43.353383
1554.0536,nan,nan,nan,nan,nan,nan,nan,-43.360902
1554.0623,nan,nan,nan,nan,nan,nan,nan,-43.360902
1554.0709,nan,nan,nan,nan,nan,nan,nan,-43.360902
1554.0796,nan,nan,nan,nan,nan,nan,nan,-43.37594
1554.0882,nan,nan,nan,nan,nan,nan,nan,-43.383459
1554.0969,nan,nan,nan,nan,nan,nan,nan,-43.390977
