z_mm,normalized_temperature_rise
0.000000000000000000e+00,1.763132409338394389e-04
1.000000000000000021e-02,1.803122769981087400e-04
2.000000000000000042e-02,1.843964872633874631e-04
3.000000000000000583e-02,1.885675537004010392e-04
4.000000000000000083e-02,1.928271884796702821e-04
5.000000000000000278e-02,1.971771344482347308e-04
6.000000000000001166e-02,2.016191656125363211e-04
7.000000000000000666e-02,2.061550876275266479e-04
8.000000000000000167e-02,2.107867382920453894e-04
9.000000000000001055e-02,2.155159880505286816e-04
1.000000000000000056e-01,2.203447405010912482e-04
1.100000000000000006e-01,2.252749329100405581e-04
1.200000000000000233e-01,2.303085367328694172e-04
1.300000000000000044e-01,2.354475581417917200e-04
1.400000000000000133e-01,2.406940385598546465e-04
1.500000000000000222e-01,2.460500552016856609e-04
1.600000000000000033e-01,2.515177216209444613e-04
1.700000000000000122e-01,2.570991882644901513e-04
1.800000000000000211e-01,2.627966430333583681e-04
1.900000000000000022e-01,2.686123118505676630e-04
2.000000000000000111e-01,2.745484592358191870e-04
2.100000000000000200e-01,2.806073888871348345e-04
2.200000000000000011e-01,2.867914442694875169e-04
2.300000000000000100e-01,2.931030092104693714e-04
2.400000000000000466e-01,2.995445085030433875e-04
2.500000000000000000e-01,3.061184085154349931e-04
2.600000000000000089e-01,3.128272178082042035e-04
2.700000000000000178e-01,3.196734877585542768e-04
2.800000000000000266e-01,3.266598131919070725e-04
2.899999999999999800e-01,3.337888330208143390e-04
3.000000000000000444e-01,3.410632308912319257e-04
3.099999999999999978e-01,3.484857358362182327e-04
3.200000000000000067e-01,3.560591229370774972e-04
3.300000000000000711e-01,3.637862139920334604e-04
3.400000000000000244e-01,3.716698781924263127e-04
3.500000000000000333e-01,3.797130328065182457e-04
3.600000000000000422e-01,3.879186438709331954e-04
3.700000000000000511e-01,3.962897268897644441e-04
3.800000000000000044e-01,4.048293475414096012e-04
3.900000000000000688e-01,4.135406223931610450e-04
4.000000000000000222e-01,4.224267196235981757e-04
4.100000000000000311e-01,4.314908597528098293e-04
4.200000000000000400e-01,4.407363163805029624e-04
4.300000000000000488e-01,4.501664169320166884e-04
4.400000000000000022e-01,4.597845434122982064e-04
4.500000000000000666e-01,4.695941331678442007e-04
4.600000000000000200e-01,4.795986796566934721e-04
4.700000000000000289e-01,4.898017332264463508e-04
4.800000000000000933e-01,5.002069019003923698e-04
4.900000000000001021e-01,5.108178521717465781e-04
5.000000000000000000e-01,5.216383098060520642e-04
5.100000000000000089e-01,5.326720606517461971e-04
5.200000000000000178e-01,5.439229514589530344e-04
5.300000000000001377e-01,5.553948907065150162e-04
5.400000000000000355e-01,5.670918494372794490e-04
5.500000000000000444e-01,5.790178621016904125e-04
5.600000000000000533e-01,5.911770274096905331e-04
5.700000000000000622e-01,6.035735091909718740e-04
5.799999999999999600e-01,6.162115372635756146e-04
5.900000000000000799e-01,6.290954083108919129e-04
6.000000000000000888e-01,6.422294867670518166e-04
6.100000000000000977e-01,6.556182057107558941e-04
6.199999999999999956e-01,6.692660677675175756e-04
6.300000000000000044e-01,6.831776460203988323e-04
6.400000000000000133e-01,6.973575849291799734e-04
6.500000000000001332e-01,7.118106012580343580e-04
6.600000000000001421e-01,7.265414850116900256e-04
6.700000000000000400e-01,7.415551003801035051e-04
6.800000000000000488e-01,7.568563866916307344e-04
6.900000000000000577e-01,7.724503593747346613e-04
7.000000000000000666e-01,7.883421109282147832e-04
7.099999999999999645e-01,8.045368118999545034e-04
7.200000000000000844e-01,8.210397118742159038e-04
7.300000000000000933e-01,8.378561404674516851e-04
7.400000000000001021e-01,8.549915083326690762e-04
7.500000000000000000e-01,8.724513081722779515e-04
7.600000000000000089e-01,8.902411157595232268e-04
7.700000000000000178e-01,9.083665909683735990e-04
7.800000000000001377e-01,9.268334788119527139e-04
7.900000000000000355e-01,9.456476104894520488e-04
8.000000000000000444e-01,9.648149044415405776e-04
8.100000000000000533e-01,9.843413674142241672e-04
8.200000000000000622e-01,1.004233095531174326e-03
8.300000000000000711e-01,1.024496275374483373e-03
8.400000000000000799e-01,1.045137185073845591e-03
8.500000000000000888e-01,1.066162195404106146e-03
8.600000000000000977e-01,1.087577770891197610e-03
8.700000000000001066e-01,1.109390470926415080e-03
8.800000000000000044e-01,1.131606950888982849e-03
8.900000000000000133e-01,1.154233963276917818e-03
9.000000000000001332e-01,1.177278358846131330e-03
9.100000000000001421e-01,1.200747087757750775e-03
9.200000000000000400e-01,1.224647200733569889e-03
9.300000000000000488e-01,1.248985850219698880e-03
9.400000000000000577e-01,1.273770291558229623e-03
9.500000000000000666e-01,1.299007884166982927e-03
9.600000000000001865e-01,1.324706092727232941e-03
9.700000000000000844e-01,1.350872488379384600e-03
9.800000000000002043e-01,1.377514749926507867e-03
9.899999999999999911e-01,1.404640665045734814e-03
1.000000000000000000e+00,1.432258131507425231e-03
1.010000000000000009e+00,1.460375158402015764e-03
1.020000000000000018e+00,1.488999867374525467e-03
1.030000000000000027e+00,1.518140493866681345e-03
1.040000000000000036e+00,1.547805388366494533e-03
1.050000000000000044e+00,1.578003017665281045e-03
1.060000000000000275e+00,1.608741966122083714e-03
1.070000000000000062e+00,1.640030936935346368e-03
1.080000000000000071e+00,1.671878753421769540e-03
1.090000000000000080e+00,1.704294360302315622e-03
1.100000000000000089e+00,1.737286824995236617e-03
1.110000000000000098e+00,1.770865338916009129e-03
1.120000000000000107e+00,1.805039218784140363e-03
1.130000000000000115e+00,1.839817907936708340e-03
1.140000000000000124e+00,1.875210977648565820e-03
1.150000000000000133e+00,1.911228128459042724e-03
1.159999999999999920e+00,1.947879191505119505e-03
1.169999999999999929e+00,1.985174129860934212e-03
1.180000000000000160e+00,2.023123039883456716e-03
1.190000000000000169e+00,2.061736152564270456e-03
1.200000000000000178e+00,2.101023834887390598e-03
1.210000000000000187e+00,2.140996591192839520e-03
1.220000000000000195e+00,2.181665064545978538e-03
1.230000000000000204e+00,2.223040038112465352e-03
1.239999999999999991e+00,2.265132436538645072e-03
1.250000000000000000e+00,2.307953327337228678e-03
1.260000000000000009e+00,2.351513922278199945e-03
1.270000000000000018e+00,2.395825578784743521e-03
1.280000000000000027e+00,2.440899801334024590e-03
1.290000000000000036e+00,2.486748242862732092e-03
1.300000000000000266e+00,2.533382706177185559e-03
1.310000000000000275e+00,2.580815145367877650e-03
1.320000000000000284e+00,2.629057667228215135e-03
1.330000000000000071e+00,2.678122532677387237e-03
1.340000000000000080e+00,2.728022158187157903e-03
1.350000000000000089e+00,2.778769117212307512e-03
1.360000000000000098e+00,2.830376141624737444e-03
1.370000000000000107e+00,2.882856123150898380e-03
1.380000000000000115e+00,2.936222114812369298e-03
1.390000000000000124e+00,2.990487332369480035e-03
1.400000000000000133e+00,3.045665155767691631e-03
1.409999999999999920e+00,3.101769130586636003e-03
1.419999999999999929e+00,3.158812969491438076e-03
1.430000000000000160e+00,3.216810553686327324e-03
1.440000000000000169e+00,3.275775934370177885e-03
1.450000000000000178e+00,3.335723334193785566e-03
1.460000000000000187e+00,3.396667148718701332e-03
1.470000000000000195e+00,3.458621947877373211e-03
1.480000000000000204e+00,3.521602477434389745e-03
1.490000000000000213e+00,3.585623660448467205e-03
1.500000000000000000e+00,3.650700598735207025e-03
1.510000000000000009e+00,3.716848574330095228e-03
1.520000000000000018e+00,3.784083050951621546e-03
1.530000000000000027e+00,3.852419675464336529e-03
1.540000000000000036e+00,3.921874279341511400e-03
1.550000000000000266e+00,3.992462880127057613e-03
1.560000000000000275e+00,4.064201682896633264e-03
1.570000000000000284e+00,4.137107081717526086e-03
1.580000000000000071e+00,4.211195661107116142e-03
1.590000000000000080e+00,4.286484197489523126e-03
1.600000000000000089e+00,4.362989660650325521e-03
1.610000000000000098e+00,4.440729215188969105e-03
1.620000000000000107e+00,4.519720221968509186e-03
1.630000000000000115e+00,4.599980239562544322e-03
1.640000000000000124e+00,4.681527025698925190e-03
1.650000000000000133e+00,4.764378538699967115e-03
1.660000000000000142e+00,4.848552938918866163e-03
1.670000000000000151e+00,4.934068590172015212e-03
1.680000000000000160e+00,5.020944061166835760e-03
1.690000000000000169e+00,5.109198126924875683e-03
1.700000000000000178e+00,5.198849770199830307e-03
1.710000000000000187e+00,5.289918182890168512e-03
1.720000000000000195e+00,5.382422767445895449e-03
1.730000000000000204e+00,5.476383138269320938e-03
1.740000000000000213e+00,5.571819123109341722e-03
1.750000000000000000e+00,5.668750764448961775e-03
1.760000000000000009e+00,5.767198320885577080e-03
1.770000000000000018e+00,5.867182268503811499e-03
1.780000000000000027e+00,5.968723302240545522e-03
1.790000000000000036e+00,6.071842337241465694e-03
1.800000000000000266e+00,6.176560510209318580e-03
1.810000000000000275e+00,6.282899180742882242e-03
1.820000000000000284e+00,6.390879932666716778e-03
1.830000000000000293e+00,6.500524575351072920e-03
1.840000000000000080e+00,6.611855145021745296e-03
1.850000000000000089e+00,6.724893906059196437e-03
1.860000000000000098e+00,6.839663352286889930e-03
1.870000000000000107e+00,6.956186208248155319e-03
1.880000000000000115e+00,7.074485430471393922e-03
1.890000000000000124e+00,7.194584208722928226e-03
1.900000000000000133e+00,7.316505967247397685e-03
1.910000000000000142e+00,7.440274365995070381e-03
1.920000000000000373e+00,7.565913301835738326e-03
1.930000000000000160e+00,7.693446909758625690e-03
1.940000000000000169e+00,7.822899564058080971e-03
1.950000000000000178e+00,7.954295879504533553e-03
1.960000000000000409e+00,8.087660712500006899e-03
1.969999999999999973e+00,8.223019162218373965e-03
1.979999999999999982e+00,8.360396571729138832e-03
1.989999999999999991e+00,8.499818529104835596e-03
2.000000000000000000e+00,8.641310868511367996e-03
2.010000000000000231e+00,8.784899671280909858e-03
2.020000000000000018e+00,8.930611266966731465e-03
2.030000000000000249e+00,9.078472234379688158e-03
2.040000000000000036e+00,9.228509402605758818e-03
2.050000000000000266e+00,9.380749852004301170e-03
2.060000000000000053e+00,9.535220915186217241e-03
2.070000000000000284e+00,9.691950177971982161e-03
2.080000000000000071e+00,9.850965480328691473e-03
2.090000000000000302e+00,1.001229491728578176e-02
2.100000000000000089e+00,1.017596683982901866e-02
2.110000000000000320e+00,1.034200985577190049e-02
2.120000000000000551e+00,1.051045283060443071e-02
2.130000000000000338e+00,1.068132488831840393e-02
2.140000000000000124e+00,1.085465541220892796e-02
2.149999999999999911e+00,1.103047404565134226e-02
2.160000000000000142e+00,1.120881069285346518e-02
2.169999999999999929e+00,1.138969551958222276e-02
2.180000000000000160e+00,1.157315895386451694e-02
2.189999999999999947e+00,1.175923168666130614e-02
2.200000000000000178e+00,1.194794467251498495e-02
2.209999999999999964e+00,1.213932913016893891e-02
2.220000000000000195e+00,1.233341654315930382e-02
2.230000000000000426e+00,1.253023866037772903e-02
2.240000000000000213e+00,1.272982749660529073e-02
2.250000000000000444e+00,1.293221533301648629e-02
2.260000000000000231e+00,1.313743471765306536e-02
2.270000000000000462e+00,1.334551846586705219e-02
2.280000000000000249e+00,1.355649966073227061e-02
2.290000000000000480e+00,1.377041165342408717e-02
2.300000000000000266e+00,1.398728806356659693e-02
2.310000000000000053e+00,1.420716277954691201e-02
2.319999999999999840e+00,1.443006995879558656e-02
2.330000000000000071e+00,1.465604402803316608e-02
2.339999999999999858e+00,1.488511968348179594e-02
2.350000000000000089e+00,1.511733189104180752e-02
2.360000000000000320e+00,1.535271588643209902e-02
2.370000000000000107e+00,1.559130717529436452e-02
2.380000000000000338e+00,1.583314153326028512e-02
2.390000000000000124e+00,1.607825500598114576e-02
2.400000000000000355e+00,1.632668390911925019e-02
2.410000000000000142e+00,1.657846482830072077e-02
2.420000000000000373e+00,1.683363461902893932e-02
2.430000000000000160e+00,1.709223040655837370e-02
2.440000000000000391e+00,1.735428958572768354e-02
2.450000000000000178e+00,1.761984982075187958e-02
2.460000000000000409e+00,1.788894904497312019e-02
2.470000000000000195e+00,1.816162546056924662e-02
2.479999999999999982e+00,1.843791753821945323e-02
2.490000000000000213e+00,1.871786401672699551e-02
2.500000000000000000e+00,1.900150390259755864e-02
2.510000000000000231e+00,1.928887646957367502e-02
2.520000000000000018e+00,1.958002125812384822e-02
2.530000000000000249e+00,1.987497807488615431e-02
2.540000000000000036e+00,2.017378699206561973e-02
2.550000000000000266e+00,2.047648834678492472e-02
2.560000000000000053e+00,2.078312274038791874e-02
2.570000000000000284e+00,2.109373103769504598e-02
2.580000000000000071e+00,2.140835436621045876e-02
2.590000000000000302e+00,2.172703411528005557e-02
2.600000000000000533e+00,2.204981193520012470e-02
2.610000000000000320e+00,2.237672973627576750e-02
2.620000000000000551e+00,2.270782968782833824e-02
2.630000000000000338e+00,2.304315421715215709e-02
2.640000000000000568e+00,2.338274600841910855e-02
2.649999999999999911e+00,2.372664800153092418e-02
2.660000000000000142e+00,2.407490339091857695e-02
2.669999999999999929e+00,2.442755562428818722e-02
2.680000000000000160e+00,2.478464840131296837e-02
2.689999999999999947e+00,2.514622567227073682e-02
2.700000000000000178e+00,2.551233163662611908e-02
2.709999999999999964e+00,2.588301074155730311e-02
2.720000000000000195e+00,2.625830768042645286e-02
2.730000000000000426e+00,2.663826739119394896e-02
2.740000000000000213e+00,2.702293505477482496e-02
2.750000000000000444e+00,2.741235609333767670e-02
2.760000000000000231e+00,2.780657616854561101e-02
2.770000000000000462e+00,2.820564117973822782e-02
2.780000000000000249e+00,2.860959726205435094e-02
2.790000000000000480e+00,2.901849078449500116e-02
2.800000000000000266e+00,2.943236834792622644e-02
2.810000000000000497e+00,2.985127678302123763e-02
2.819999999999999840e+00,3.027526314814112801e-02
2.830000000000000071e+00,3.070437472715411079e-02
2.839999999999999858e+00,3.113865902719237591e-02
2.850000000000000089e+00,3.157816377634651422e-02
2.860000000000000320e+00,3.202293692129681846e-02
2.870000000000000107e+00,3.247302662488091990e-02
2.880000000000000338e+00,3.292848126359743804e-02
2.890000000000000124e+00,3.338934942504521997e-02
2.900000000000000355e+00,3.385567990529787796e-02
2.910000000000000142e+00,3.432752170621287957e-02
2.920000000000000373e+00,3.480492403267457929e-02
2.930000000000000160e+00,3.528793628977178187e-02
2.940000000000000391e+00,3.577660807990837299e-02
2.950000000000000178e+00,3.627098919984702435e-02
2.960000000000000409e+00,3.677112963768556370e-02
2.970000000000000639e+00,3.727707956976579473e-02
2.980000000000000426e+00,3.778888935751423261e-02
2.990000000000000213e+00,3.830660954421411662e-02
3.000000000000000000e+00,3.883029085170909556e-02
3.010000000000000231e+00,3.935998417703727437e-02
3.020000000000000018e+00,3.989574058899610087e-02
3.030000000000000249e+00,4.043761132463763452e-02
3.040000000000000036e+00,4.098564778569328826e-02
3.050000000000000266e+00,4.153990153492812670e-02
3.060000000000000053e+00,4.210042429242499135e-02
3.070000000000000284e+00,4.266726793179718286e-02
3.080000000000000071e+00,4.324048447632997116e-02
3.090000000000000302e+00,4.382012609505052392e-02
3.100000000000000533e+00,4.440624509872605208e-02
3.110000000000000320e+00,4.499889393579020735e-02
3.120000000000000551e+00,4.559812518819675309e-02
3.130000000000000338e+00,4.620399156720093881e-02
3.140000000000000568e+00,4.681654590906833557e-02
3.150000000000000355e+00,4.743584117071070888e-02
3.160000000000000142e+00,4.806193042524860987e-02
3.169999999999999929e+00,4.869486685750103877e-02
3.180000000000000160e+00,4.933470375940145203e-02
3.189999999999999947e+00,4.998149452534025178e-02
3.200000000000000178e+00,5.063529264743391739e-02
3.209999999999999964e+00,5.129615171072015450e-02
3.220000000000000195e+00,5.196412538827845790e-02
3.230000000000000426e+00,5.263926743627798943e-02
3.240000000000000213e+00,5.332163168895035638e-02
3.250000000000000444e+00,5.401127205348874027e-02
3.260000000000000231e+00,5.470824250487234947e-02
3.270000000000000462e+00,5.541259708061719441e-02
3.280000000000000249e+00,5.612438987545238789e-02
3.290000000000000480e+00,5.684367503592204635e-02
3.300000000000000266e+00,5.757050675491303532e-02
3.310000000000000497e+00,5.830493926610830213e-02
3.320000000000000284e+00,5.904702683836672572e-02
3.330000000000000071e+00,5.979682377002776966e-02
3.340000000000000302e+00,6.055438438314276334e-02
3.350000000000000089e+00,6.131976301763179815e-02
3.360000000000000320e+00,6.209301402536713393e-02
3.370000000000000107e+00,6.287419176418251876e-02
3.380000000000000338e+00,6.366335059180898426e-02
3.390000000000000124e+00,6.446054485973683190e-02
3.400000000000000355e+00,6.526582890700477479e-02
3.410000000000000142e+00,6.607925705391555493e-02
3.420000000000000373e+00,6.690088359567884779e-02
3.430000000000000160e+00,6.773076279598097549e-02
3.440000000000000391e+00,6.856894888048255254e-02
3.450000000000000178e+00,6.941549603024387005e-02
3.460000000000000409e+00,7.027045837507790715e-02
3.470000000000000639e+00,7.113388998683181641e-02
3.480000000000000426e+00,7.200584487259689692e-02
3.490000000000000657e+00,7.288637696784792952e-02
3.500000000000000000e+00,7.377554012951095808e-02
3.510000000000000231e+00,7.467338812896161249e-02
3.520000000000000018e+00,7.557997464495205819e-02
3.530000000000000249e+00,7.649535325646975026e-02
3.540000000000000036e+00,7.741957743552622950e-02
3.550000000000000266e+00,7.835270053987708483e-02
3.560000000000000053e+00,7.929477580567355355e-02
3.570000000000000284e+00,8.024585634004645363e-02
3.580000000000000071e+00,8.120599511362282252e-02
3.590000000000000302e+00,8.217524495297512388e-02
3.600000000000000533e+00,8.315365853300449306e-02
3.610000000000000320e+00,8.414128836925785504e-02
3.620000000000000551e+00,8.513818681018055223e-02
3.630000000000000338e+00,8.614440602930317770e-02
3.640000000000000568e+00,8.715999801736461217e-02
3.650000000000000355e+00,8.818501457437240287e-02
3.660000000000000586e+00,8.921950730159947107e-02
3.669999999999999929e+00,9.026352759351881361e-02
3.680000000000000160e+00,9.131712662967700345e-02
3.689999999999999947e+00,9.238035536650629487e-02
3.700000000000000178e+00,9.345326452907752601e-02
3.710000000000000409e+00,9.453590460279300001e-02
3.720000000000000195e+00,9.562832582502114875e-02
3.730000000000000426e+00,9.673057817667317371e-02
3.740000000000000213e+00,9.784271137372266280e-02
3.750000000000000444e+00,9.896477485866971013e-02
3.760000000000000231e+00,1.000968177919487057e-01
3.770000000000000462e+00,1.012388890432823346e-01
3.780000000000000249e+00,1.023910371829814536e-01
3.790000000000000480e+00,1.035533104731933135e-01
3.800000000000000266e+00,1.047257568590968246e-01
3.810000000000000497e+00,1.059084239600475985e-01
3.820000000000000284e+00,1.071013590606729182e-01
3.830000000000000515e+00,1.083046091019183033e-01
3.840000000000000746e+00,1.095182206720455714e-01
3.850000000000000089e+00,1.107422399975842714e-01
3.860000000000000320e+00,1.119767129342376794e-01
3.870000000000000107e+00,1.132216849577433182e-01
3.880000000000000338e+00,1.144772011546906221e-01
3.890000000000000124e+00,1.157433062132955520e-01
3.900000000000000355e+00,1.170200444141337587e-01
3.910000000000000142e+00,1.183074596208332774e-01
3.920000000000000817e+00,1.196055952707296005e-01
3.930000000000000160e+00,1.209144943654800880e-01
3.939999999999999947e+00,1.222341994616440997e-01
3.950000000000000178e+00,1.235647526612270453e-01
3.959999999999999964e+00,1.249061956021882830e-01
3.970000000000000639e+00,1.262585694489193611e-01
3.979999999999999982e+00,1.276219148826873706e-01
3.990000000000000657e+00,1.289962720920502237e-01
4.000000000000000000e+00,1.303816807632409147e-01
4.010000000000000675e+00,1.317781800705259410e-01
4.020000000000000462e+00,1.331858086665354268e-01
4.030000000000000249e+00,1.346046046725698497e-01
4.040000000000000036e+00,1.360346056688821192e-01
4.050000000000000711e+00,1.374758486849380623e-01
4.060000000000000497e+00,1.389283701896552037e-01
4.070000000000000284e+00,1.403922060816243378e-01
4.080000000000000071e+00,1.418673916793100620e-01
4.090000000000000746e+00,1.433539617112382647e-01
4.100000000000000533e+00,1.448519503061663771e-01
4.110000000000000320e+00,1.463613909832417181e-01
4.120000000000000107e+00,1.478823166421474045e-01
4.129999999999999893e+00,1.494147595532381023e-01
4.140000000000000568e+00,1.509587513476676468e-01
4.150000000000000355e+00,1.525143230075089451e-01
4.160000000000000142e+00,1.540815048558692724e-01
4.169999999999999929e+00,1.556603265470007935e-01
4.180000000000000604e+00,1.572508170564101693e-01
4.190000000000000391e+00,1.588530046709665244e-01
4.200000000000000178e+00,1.604669169790116645e-01
4.209999999999999964e+00,1.620925808604718743e-01
4.220000000000000639e+00,1.637300224769768497e-01
4.230000000000000426e+00,1.653792672619810999e-01
4.240000000000001101e+00,1.670403399108977005e-01
4.250000000000000000e+00,1.687132643712387081e-01
4.260000000000000675e+00,1.703980638327689534e-01
4.270000000000000462e+00,1.720947607176722127e-01
4.280000000000000249e+00,1.738033766707335892e-01
4.290000000000000036e+00,1.755239325495382141e-01
4.299999999999999822e+00,1.772564484146887664e-01
4.310000000000000497e+00,1.790009435200445032e-01
4.320000000000000284e+00,1.807574363029815223e-01
4.330000000000000071e+00,1.825259443746793109e-01
4.339999999999999858e+00,1.843064845104312455e-01
4.350000000000000533e+00,1.860990726399859019e-01
4.360000000000000320e+00,1.879037238379157315e-01
4.370000000000000995e+00,1.897204523140209043e-01
4.379999999999999893e+00,1.915492714037633493e-01
4.390000000000000568e+00,1.933901935587407084e-01
4.400000000000000355e+00,1.952432303371944289e-01
4.410000000000001030e+00,1.971083923945607941e-01
4.419999999999999929e+00,1.989856894740610060e-01
4.430000000000000604e+00,2.008751303973373425e-01
4.440000000000000391e+00,2.027767230551329181e-01
4.450000000000000178e+00,2.046904743980213492e-01
4.460000000000000853e+00,2.066163904271842433e-01
4.469999999999999751e+00,2.085544761852412277e-01
4.480000000000000426e+00,2.105047357471342695e-01
4.490000000000000213e+00,2.124671722110662575e-01
4.500000000000000888e+00,2.144417876894997854e-01
4.509999999999999787e+00,2.164285833002121684e-01
4.520000000000000462e+00,2.184275591574174613e-01
4.530000000000000249e+00,2.204387143629464862e-01
4.540000000000000924e+00,2.224620469974982750e-01
4.549999999999999822e+00,2.244975541119555995e-01
4.560000000000000497e+00,2.265452317187733045e-01
4.570000000000000284e+00,2.286050747834369179e-01
4.580000000000000959e+00,2.306770772159970895e-01
4.590000000000000746e+00,2.327612318626788024e-01
4.600000000000000533e+00,2.348575304975708267e-01
4.610000000000000320e+00,2.369659638143938318e-01
4.620000000000000107e+00,2.390865214183525711e-01
4.630000000000000782e+00,2.412191918180719152e-01
4.639999999999999680e+00,2.433639624176192062e-01
4.650000000000000355e+00,2.455208195086174550e-01
4.660000000000000142e+00,2.476897482624459412e-01
4.670000000000000817e+00,2.498707327225386798e-01
4.679999999999999716e+00,2.520637557967721487e-01
4.690000000000000391e+00,2.542687992499558236e-01
4.700000000000000178e+00,2.564858436964174149e-01
4.710000000000000853e+00,2.587148685926927150e-01
4.720000000000000639e+00,2.609558522303163097e-01
4.730000000000000426e+00,2.632087717287194817e-01
4.740000000000000213e+00,2.654736030282346948e-01
4.750000000000000888e+00,2.677503208832102688e-01
4.760000000000000675e+00,2.700388988552356873e-01
4.770000000000000462e+00,2.723393093064818138e-01
4.780000000000000249e+00,2.746515233931556277e-01
4.790000000000000036e+00,2.769755110590736980e-01
4.800000000000000711e+00,2.793112410293551173e-01
4.809999999999999609e+00,2.816586808042346735e-01
4.820000000000000284e+00,2.840177966530039733e-01
4.830000000000000071e+00,2.863885536080721383e-01
4.840000000000000746e+00,2.887709154591609484e-01
4.850000000000000533e+00,2.911648447476242740e-01
4.860000000000000320e+00,2.935703027609031235e-01
4.870000000000000107e+00,2.959872495271116954e-01
4.880000000000000782e+00,2.984156438097610442e-01
4.890000000000000568e+00,3.008554431026188580e-01
4.900000000000000355e+00,3.033066036247103470e-01
4.910000000000000142e+00,3.057690803154582970e-01
4.920000000000000817e+00,3.082428268299695628e-01
4.930000000000000604e+00,3.107277955344635023e-01
4.940000000000000391e+00,3.132239375018502914e-01
4.950000000000000178e+00,3.157312025074557327e-01
4.959999999999999964e+00,3.182495390248992750e-01
4.970000000000000639e+00,3.207788942221238560e-01
4.980000000000000426e+00,3.233192139575775670e-01
4.990000000000000213e+00,3.258704427765564127e-01
5.000000000000000000e+00,3.284325239077008907e-01
5.010000000000000675e+00,3.310053992596548866e-01
5.020000000000000462e+00,3.335890094178841081e-01
5.030000000000000249e+00,3.361832936416597195e-01
5.040000000000000036e+00,3.387881898612050136e-01
5.050000000000000711e+00,3.414036346750104478e-01
5.060000000000000497e+00,3.440295633473150483e-01
5.070000000000000284e+00,3.466659098057598976e-01
5.080000000000000071e+00,3.493126066392103213e-01
5.090000000000000746e+00,3.519695850957549332e-01
5.100000000000000533e+00,3.546367750808744335e-01
5.110000000000001208e+00,3.573141051557921499e-01
5.120000000000000107e+00,3.600015025359972753e-01
5.129999999999999893e+00,3.626988930899512353e-01
5.140000000000000568e+00,3.654062013379719698e-01
5.150000000000000355e+00,3.681233504513016785e-01
5.160000000000000142e+00,3.708502622513588642e-01
5.169999999999999929e+00,3.735868572091726736e-01
5.180000000000000604e+00,3.763330544450071424e-01
5.190000000000000391e+00,3.790887717281699598e-01
5.200000000000001066e+00,3.818539254770125235e-01
5.209999999999999964e+00,3.846284307591180673e-01
5.220000000000000639e+00,3.874122012916844660e-01
5.230000000000000426e+00,3.902051494420953892e-01
5.240000000000001101e+00,3.930071862286903528e-01
5.250000000000000000e+00,3.958182213217254497e-01
5.260000000000000675e+00,3.986381630445341440e-01
5.270000000000000462e+00,4.014669183748814651e-01
5.280000000000001137e+00,4.043043929465213182e-01
5.290000000000000036e+00,4.071504910509483599e-01
5.299999999999999822e+00,4.100051156393543783e-01
5.310000000000000497e+00,4.128681683247846790e-01
5.320000000000000284e+00,4.157395493844946999e-01
5.330000000000000959e+00,4.186191577625147375e-01
5.339999999999999858e+00,4.215068910724140694e-01
5.350000000000000533e+00,4.244026456002736869e-01
5.360000000000000320e+00,4.273063163078617555e-01
5.370000000000000995e+00,4.302177968360197946e-01
5.379999999999999893e+00,4.331369795082509744e-01
5.390000000000000568e+00,4.360637553345218520e-01
5.400000000000000355e+00,4.389980140152684451e-01
5.410000000000001030e+00,4.419396439456150794e-01
5.419999999999999929e+00,4.448885322197999592e-01
5.430000000000000604e+00,4.478445646358151233e-01
5.440000000000000391e+00,4.508076257002531229e-01
5.450000000000001066e+00,4.537775986333689726e-01
5.460000000000000853e+00,4.567543653743514898e-01
5.469999999999999751e+00,4.597378065868087393e-01
5.480000000000000426e+00,4.627278016644650327e-01
5.490000000000000213e+00,4.657242287370709222e-01
5.500000000000000888e+00,4.687269646765284681e-01
5.509999999999999787e+00,4.717358851032262823e-01
5.520000000000000462e+00,4.747508643925936189e-01
5.530000000000000249e+00,4.777717756818626871e-01
5.540000000000000924e+00,4.807984908770501220e-01
5.549999999999999822e+00,4.838308806601484546e-01
5.560000000000000497e+00,4.868688144965356845e-01
5.570000000000000284e+00,4.899121606425949071e-01
5.580000000000000959e+00,4.929607861535525992e-01
5.590000000000000746e+00,4.960145568915264036e-01
5.600000000000000533e+00,4.990733375337914057e-01
5.610000000000000320e+00,5.021369915812559093e-01
5.620000000000000995e+00,5.052053813671549820e-01
5.630000000000000782e+00,5.082783680659529457e-01
5.639999999999999680e+00,5.113558117024639138e-01
5.650000000000000355e+00,5.144375711611806068e-01
5.660000000000000142e+00,5.175235041958171633e-01
5.670000000000000817e+00,5.206134674390663353e-01
5.679999999999999716e+00,5.237073164125627400e-01
5.690000000000000391e+00,5.268049055370633837e-01
5.700000000000000178e+00,5.299060881428331315e-01
5.710000000000000853e+00,5.330107164802441178e-01
5.720000000000000639e+00,5.361186417305812135e-01
5.730000000000000426e+00,5.392297140170594361e-01
5.740000000000000213e+00,5.423437824160446397e-01
5.750000000000000888e+00,5.454606949684867034e-01
5.760000000000000675e+00,5.485802986915537804e-01
5.770000000000000462e+00,5.517024395904760459e-01
5.780000000000000249e+00,5.548269626705907287e-01
5.790000000000000924e+00,5.579537119495941999e-01
5.800000000000000711e+00,5.610825304699921245e-01
5.810000000000000497e+00,5.642132603117562262e-01
5.820000000000000284e+00,5.673457426051784491e-01
5.830000000000000071e+00,5.704798175439238506e-01
5.840000000000000746e+00,5.736153243982849981e-01
5.850000000000000533e+00,5.767521015286304342e-01
5.860000000000000320e+00,5.798899863990510939e-01
5.870000000000000107e+00,5.830288155911987902e-01
5.880000000000000782e+00,5.861684248183217649e-01
5.890000000000000568e+00,5.893086489394874228e-01
5.900000000000000355e+00,5.924493219740000205e-01
5.910000000000000142e+00,5.955902771160038744e-01
5.920000000000000817e+00,5.987313467492768604e-01
5.930000000000000604e+00,6.018723624622075441e-01
5.940000000000001279e+00,6.050131550629593846e-01
5.950000000000000178e+00,6.081535545948142385e-01
5.960000000000000853e+00,6.112933903517014933e-01
5.970000000000000639e+00,6.144324908939025054e-01
5.980000000000000426e+00,6.175706840639360040e-01
5.990000000000000213e+00,6.207077970026180225e-01
6.000000000000000000e+00,6.238436561652946910e-01
6.010000000000000675e+00,6.269780873382515551e-01
6.020000000000000462e+00,6.301109156552878732e-01
6.030000000000000249e+00,6.332419656144652187e-01
6.040000000000000036e+00,6.363710610950167323e-01
6.050000000000000711e+00,6.394980253744265708e-01
6.060000000000000497e+00,6.426226811456675625e-01
6.070000000000001172e+00,6.457448505346018441e-01
6.080000000000000071e+00,6.488643551175388158e-01
6.090000000000000746e+00,6.519810159389498594e-01
6.100000000000000533e+00,6.550946535293354911e-01
6.110000000000001208e+00,6.582050879232477225e-01
6.120000000000000107e+00,6.613121386774577504e-01
6.130000000000000782e+00,6.644156248892743033e-01
6.140000000000000568e+00,6.675153652150045414e-01
6.150000000000000355e+00,6.706111778885597285e-01
6.160000000000000142e+00,6.737028807401993502e-01
6.169999999999999929e+00,6.767902912154127870e-01
6.180000000000000604e+00,6.798732263939393228e-01
6.190000000000000391e+00,6.829515030089162719e-01
6.200000000000001066e+00,6.860249374661621102e-01
6.209999999999999964e+00,6.890933458635838393e-01
6.220000000000000639e+00,6.921565440107122491e-01
6.230000000000000426e+00,6.952143474483573060e-01
6.240000000000001101e+00,6.982665714683863323e-01
6.250000000000000000e+00,7.013130311336164269e-01
6.260000000000000675e+00,7.043535412978249033e-01
6.270000000000000462e+00,7.073879166258684181e-01
6.280000000000001137e+00,7.104159716139145653e-01
6.290000000000000036e+00,7.134375206097764988e-01
6.300000000000000711e+00,7.164523778333554693e-01
6.310000000000000497e+00,7.194603573971791732e-01
6.320000000000000284e+00,7.224612733270437959e-01
6.330000000000000959e+00,7.254549395827470937e-01
6.339999999999999858e+00,7.284411700789148458e-01
6.350000000000000533e+00,7.314197787059192324e-01
6.360000000000000320e+00,7.343905793508799240e-01
6.370000000000000995e+00,7.373533859187532125e-01
6.379999999999999893e+00,7.403080123534974133e-01
6.390000000000000568e+00,7.432542726593209803e-01
6.400000000000000355e+00,7.461919809220007860e-01
6.410000000000001030e+00,7.491209513302768963e-01
6.419999999999999929e+00,7.520409981973119606e-01
6.430000000000000604e+00,7.549519359822207676e-01
6.440000000000000391e+00,7.578535793116593089e-01
6.450000000000001066e+00,7.607457430014762378e-01
6.460000000000000853e+00,7.636282420784193947e-01
6.470000000000000639e+00,7.665008918018991757e-01
6.480000000000000426e+00,7.693635076857986421e-01
6.490000000000000213e+00,7.722159055203356992e-01
6.500000000000000888e+00,7.750579013939679074e-01
6.509999999999999787e+00,7.778893117153385939e-01
6.520000000000000462e+00,7.807099532352644866e-01
6.530000000000000249e+00,7.835196430687558777e-01
6.540000000000000924e+00,7.863181987170725362e-01
6.550000000000000711e+00,7.891054380898064879e-01
6.560000000000000497e+00,7.918811795269948828e-01
6.570000000000000284e+00,7.946452418212529567e-01
6.580000000000000959e+00,7.973974442399310858e-01
6.590000000000000746e+00,8.001376065472869392e-01
6.600000000000000533e+00,8.028655490266749517e-01
6.610000000000000320e+00,8.055810925027444558e-01
6.620000000000000995e+00,8.082840583636508036e-01
6.630000000000000782e+00,8.109742685832681541e-01
6.640000000000000568e+00,8.136515457434095877e-01
6.650000000000000355e+00,8.163157130560433350e-01
6.660000000000000142e+00,8.189665943855102270e-01
6.670000000000000817e+00,8.216040142707329297e-01
6.680000000000000604e+00,8.242277979474176286e-01
6.690000000000000391e+00,8.268377713702464993e-01
6.700000000000000178e+00,8.294337612350534128e-01
6.710000000000000853e+00,8.320155950009862078e-01
6.720000000000000639e+00,8.345831009126474243e-01
6.730000000000000426e+00,8.371361080222158302e-01
6.740000000000000213e+00,8.396744462115409702e-01
6.750000000000000888e+00,8.421979462142145101e-01
6.760000000000000675e+00,8.447064396376080531e-01
6.770000000000000462e+00,8.471997589848841992e-01
6.780000000000000249e+00,8.496777376769690804e-01
6.790000000000000924e+00,8.521402100744924768e-01
6.800000000000000711e+00,8.545870114996867439e-01
6.810000000000001386e+00,8.570179782582474370e-01
6.820000000000000284e+00,8.594329476611488605e-01
6.830000000000000071e+00,8.618317580464173178e-01
6.840000000000000746e+00,8.642142488008568435e-01
6.850000000000000533e+00,8.665802603817250871e-01
6.860000000000000320e+00,8.689296343383625665e-01
6.870000000000000107e+00,8.712622133337658559e-01
6.880000000000000782e+00,8.735778411661119236e-01
6.890000000000000568e+00,8.758763627902235172e-01
6.900000000000000355e+00,8.781576243389824787e-01
6.910000000000000142e+00,8.804214731446818876e-01
6.920000000000000817e+00,8.826677577603242453e-01
6.930000000000000604e+00,8.848963279808561566e-01
6.940000000000001279e+00,8.871070348643472769e-01
6.950000000000000178e+00,8.892997307531043116e-01
6.960000000000000853e+00,8.914742692947285052e-01
6.970000000000000639e+00,8.936305054631081823e-01
6.980000000000001315e+00,8.957682955793518920e-01
6.990000000000000213e+00,8.978874973326593789e-01
7.000000000000000000e+00,8.999879698011327145e-01
7.010000000000000675e+00,9.020695734725251436e-01
7.020000000000000462e+00,9.041321702649315339e-01
7.030000000000000249e+00,9.061756235474200949e-01
7.040000000000000036e+00,9.081997981606052539e-01
7.050000000000000711e+00,9.102045604371671317e-01
7.060000000000000497e+00,9.121897782223136186e-01
7.070000000000001172e+00,9.141553208941936015e-01
7.080000000000000071e+00,9.161010593842583427e-01
7.090000000000000746e+00,9.180268661975780065e-01
7.100000000000000533e+00,9.199326154331127769e-01
7.110000000000001208e+00,9.218181828039465620e-01
7.120000000000000107e+00,9.236834456574825047e-01
7.130000000000000782e+00,9.255282829956092971e-01
7.140000000000000568e+00,9.273525754948397370e-01
7.150000000000001243e+00,9.291562055264303011e-01
7.160000000000000142e+00,9.309390571764837308e-01
7.169999999999999929e+00,9.327010162660469561e-01
7.180000000000000604e+00,9.344419703712064651e-01
7.190000000000000391e+00,9.361618088431916673e-01
7.200000000000001066e+00,9.378604228284965760e-01
7.209999999999999964e+00,9.395377052890255820e-01
7.220000000000000639e+00,9.411935510222780854e-01
7.230000000000000426e+00,9.428278566815808670e-01
7.240000000000001101e+00,9.444405207963822990e-01
7.250000000000000000e+00,9.460314437926203857e-01
7.260000000000000675e+00,9.476005280131823971e-01
7.270000000000000462e+00,9.491476777384695307e-01
7.280000000000001137e+00,9.506727992070865829e-01
7.290000000000000036e+00,9.521758006366738414e-01
7.300000000000000711e+00,9.536565922449051769e-01
7.310000000000000497e+00,9.551150862706718758e-01
7.320000000000001172e+00,9.565511969954801907e-01
7.330000000000000959e+00,9.579648407650879216e-01
7.339999999999999858e+00,9.593559360114106704e-01
7.350000000000000533e+00,9.607244032747300766e-01
7.360000000000000320e+00,9.620701652262385606e-01
7.370000000000000995e+00,9.633931466909617658e-01
7.379999999999999893e+00,9.646932746710971118e-01
7.390000000000000568e+00,9.659704783698189745e-01
7.400000000000000355e+00,9.672246892155977882e-01
7.410000000000001030e+00,9.684558408870915791e-01
7.420000000000000817e+00,9.696638693386682162e-01
7.430000000000000604e+00,9.708487128266297672e-01
7.440000000000000391e+00,9.720103119362079047e-01
7.450000000000001066e+00,9.731486096094169591e-01
7.460000000000000853e+00,9.742635511738514387e-01
7.470000000000000639e+00,9.753550843725310449e-01
7.480000000000000426e+00,9.764231593949003196e-01
7.490000000000001101e+00,9.774677289091097121e-01
7.500000000000000888e+00,9.784887480957121797e-01
7.509999999999999787e+00,9.794861746829299776e-01
7.520000000000000462e+00,9.804599689836607235e-01
7.530000000000000249e+00,9.814100939344140295e-01
7.540000000000000924e+00,9.823365151363951941e-01
7.550000000000000711e+00,9.832392008989742083e-01
7.560000000000000497e+00,9.841181222858156330e-01
7.570000000000000284e+00,9.849732531639755484e-01
7.580000000000000959e+00,9.858045702563179580e-01
7.590000000000000746e+00,9.866120531976479979e-01
7.600000000000000533e+00,9.873956845950189187e-01
7.610000000000000320e+00,9.881554500927347551e-01
7.620000000000000995e+00,9.888913384426527564e-01
7.630000000000000782e+00,9.896033415804785793e-01
7.640000000000000568e+00,9.902914547088658148e-01
7.650000000000000355e+00,9.909556763882575448e-01
7.660000000000001030e+00,9.915960086365791515e-01
7.670000000000000817e+00,9.922124570390774556e-01
7.680000000000001492e+00,9.928050308698508353e-01
7.690000000000000391e+00,9.933737432269030831e-01
7.700000000000000178e+00,9.939186111829216852e-01
7.710000000000000853e+00,9.944396559544393943e-01
7.720000000000000639e+00,9.949369030926084045e-01
7.730000000000000426e+00,9.954103826995525095e-01
7.740000000000000213e+00,9.958601296751991017e-01
7.750000000000000888e+00,9.962861840007131153e-01
7.760000000000000675e+00,9.966885910662616199e-01
7.770000000000000462e+00,9.970674020529738391e-01
7.780000000000000249e+00,9.974226743818541685e-01
7.790000000000000924e+00,9.977544722463790317e-01
7.800000000000000711e+00,9.980628672510745147e-01
7.810000000000001386e+00,9.983479391863185892e-01
7.820000000000000284e+00,9.986097769812409819e-01
7.830000000000000071e+00,9.988484798940503451e-01
7.840000000000001634e+00,9.990641590261548632e-01
7.850000000000001421e+00,9.992569392898216218e-01
7.860000000000000320e+00,9.994269620317567382e-01
7.870000000000000107e+00,9.995743886429523384e-01
7.879999999999999893e+00,9.996994057252738264e-01
7.890000000000001457e+00,9.998022328732319997e-01
7.900000000000000355e+00,9.998831352310083576e-01
7.910000000000000142e+00,9.999424458647427905e-01
7.919999999999999929e+00,9.999806124207907265e-01
7.930000000000001492e+00,9.999983299128655245e-01
7.940000000000001279e+00,9.999999960824608181e-01
7.950000000000000178e+00,9.999996404800575167e-01
7.959999999999999964e+00,9.999967918321017724e-01
7.970000000000001528e+00,9.999862163451989083e-01
7.980000000000001315e+00,9.999588114798548810e-01
7.990000000000000213e+00,9.999010115688959921e-01
8.000000000000000000e+00,9.997942905696522997e-01
8.010000000000001563e+00,9.996147315669317024e-01
8.020000000000001350e+00,9.993326494733458798e-01
8.030000000000001137e+00,9.989122616483691042e-01
8.040000000000000924e+00,9.983114063665522453e-01
8.050000000000000711e+00,9.974813129657786881e-01
8.060000000000000497e+00,9.963664307889849026e-01
8.070000000000000284e+00,9.949043269930686328e-01
8.080000000000000071e+00,9.930256660557010839e-01
8.089999999999999858e+00,9.906542863890112072e-01
8.100000000000001421e+00,9.877073918326357838e-01
8.110000000000001208e+00,9.840958778656255790e-01
8.120000000000000995e+00,9.797248140258436599e-01
8.130000000000000782e+00,9.744941050994292420e-01
8.140000000000000568e+00,9.682993539507520619e-01
8.150000000000000355e+00,9.610329481847138533e-01
8.160000000000000142e+00,9.525853909243428008e-01
8.169999999999999929e+00,9.428468925897224295e-01
8.180000000000001492e+00,9.317092354214832062e-01
8.190000000000001279e+00,9.190679153647099975e-01
8.200000000000001066e+00,9.048245566218530156e-01
8.210000000000000853e+00,8.888895825751056412e-01
8.220000000000000639e+00,8.711851128579974901e-01
8.230000000000000426e+00,8.516480402606507738e-01
8.240000000000000213e+00,8.302332232114955080e-01
8.250000000000000000e+00,8.069167103484653492e-01
8.259999999999999787e+00,7.816988939961047045e-01
8.270000000000001350e+00,7.546074703048957222e-01
8.280000000000001137e+00,7.257000667725227450e-01
8.290000000000000924e+00,6.950663844952639225e-01
8.300000000000000711e+00,6.628296946268383838e-01
8.310000000000002274e+00,6.291475280759089017e-01
8.320000000000000284e+00,5.942114063195238494e-01
8.330000000000000071e+00,5.582454809659533890e-01
8.339999999999999858e+00,5.215039815115645183e-01
8.350000000000001421e+00,4.842674150258916010e-01
8.360000000000001208e+00,4.468375177285965894e-01
8.370000000000000995e+00,4.095310248806435238e-01
8.380000000000000782e+00,3.726723990835892342e-01
8.390000000000000568e+00,3.365857336186353632e-01
8.400000000000000355e+00,3.015861213151125320e-01
8.410000000000000142e+00,2.679708441746517233e-01
8.419999999999999929e+00,2.360107877505355500e-01
8.429999999999999716e+00,2.059425105140926249e-01
8.440000000000001279e+00,1.779613966045134610e-01
8.450000000000001066e+00,1.522162868117219459e-01
8.460000000000000853e+00,1.288059163836872689e-01
8.470000000000000639e+00,1.077773914941970723e-01
8.480000000000002203e+00,8.912681462843244362e-02
8.490000000000000213e+00,7.280203170114110667e-02
8.500000000000000000e+00,5.870733200412114189e-02
8.509999999999999787e+00,4.670979918943295173e-02
8.520000000000001350e+00,3.664690057048015925e-02
8.530000000000001137e+00,2.833482457929176537e-02
8.540000000000000924e+00,2.157704054352799564e-02
8.550000000000000711e+00,1.617256483064440434e-02
8.560000000000000497e+00,1.192347143386065372e-02
8.570000000000002061e+00,8.641276655240243826e-03
8.580000000000000071e+00,6.151945721249083704e-03
8.589999999999999858e+00,4.299400124594364436e-03
8.599999999999999645e+00,2.947533485309451924e-03
8.610000000000001208e+00,1.980857185672115200e-03
8.620000000000000995e+00,1.303984378418130601e-03
8.630000000000000782e+00,8.402158988103607248e-04
8.640000000000000568e+00,5.295126331167560648e-04
8.650000000000002132e+00,3.261290189795256140e-04
8.660000000000000142e+00,1.961480939145695277e-04
8.669999999999999929e+00,1.151084355441219371e-04
8.679999999999999716e+00,6.585647784018987564e-05
8.690000000000001279e+00,3.670210490547794256e-05
8.700000000000001066e+00,1.990720637041303845e-05
8.710000000000000853e+00,1.049965828322374376e-05
8.720000000000000639e+00,5.380182067832589367e-06
8.730000000000000426e+00,2.675962352332250470e-06
8.740000000000001990e+00,1.290687959185035651e-06
8.750000000000000000e+00,6.031293773471046171e-07
8.759999999999999787e+00,2.727910278718246646e-07
8.769999999999999574e+00,1.193040283981838256e-07
8.780000000000001137e+00,5.040263180206500992e-08
8.790000000000000924e+00,2.054871255061708444e-08
8.800000000000000711e+00,8.076106945939447301e-09
8.810000000000000497e+00,3.056685665441258404e-09
8.820000000000002061e+00,1.112931562375200039e-09
8.830000000000001847e+00,3.893903618881415302e-10
8.839999999999999858e+00,1.307746224810013099e-10
8.849999999999999645e+00,4.211124789330277450e-11
8.860000000000001208e+00,1.298722104549065101e-11
8.870000000000000995e+00,3.831574148178135077e-12
8.880000000000000782e+00,1.080121838153763991e-12
8.890000000000000568e+00,2.905939696958584078e-13
8.900000000000000355e+00,7.452376336016167080e-14
8.910000000000001918e+00,1.819555919116623651e-14
8.920000000000001705e+00,4.224338353976771506e-15
8.929999999999999716e+00,9.313800182922367929e-16
8.939999999999999503e+00,1.947665454952524855e-16
8.950000000000001066e+00,3.857956397986947750e-17
8.960000000000000853e+00,7.229096404413328617e-18
8.970000000000000639e+00,1.279719024188228320e-18
8.980000000000000426e+00,2.137278874055777351e-19
8.990000000000001990e+00,3.363005826093819628e-20
9.000000000000001776e+00,4.978627459798046370e-21
9.009999999999999787e+00,6.924600712620330786e-22
9.019999999999999574e+00,9.035708342160599186e-23
9.030000000000001137e+00,1.104544005482502995e-23
9.040000000000000924e+00,1.263048044666975850e-24
9.050000000000000711e+00,1.349047007325722287e-25
9.060000000000000497e+00,1.343849453334899629e-26
9.070000000000000284e+00,1.246602609946350180e-27
9.080000000000001847e+00,1.075197967305411436e-28
9.090000000000001634e+00,8.608995280610564628e-30
9.099999999999999645e+00,6.388991003205599278e-31
9.109999999999999432e+00,4.387644783125984509e-32
9.120000000000000995e+00,2.783845068608865365e-33
9.130000000000000782e+00,1.629144185725834777e-34
9.140000000000000568e+00,8.779153854500366687e-36
9.150000000000000355e+00,4.349042288651462136e-37
9.160000000000001918e+00,1.977164947729058775e-38
9.170000000000001705e+00,8.234784225458279042e-40
9.180000000000001492e+00,3.136639398875549797e-41
9.189999999999999503e+00,1.090722390118705418e-42
9.200000000000001066e+00,3.456420214830486879e-44
9.210000000000000853e+00,9.963641305424156909e-46
9.220000000000000639e+00,2.607933833759008845e-47
9.230000000000000426e+00,6.186724623263426593e-49
9.240000000000000213e+00,1.327701977112402306e-50
9.250000000000001776e+00,2.572746081288286922e-52
9.260000000000001563e+00,4.492847472457443669e-54
9.269999999999999574e+00,7.057286562592139967e-56
9.279999999999999361e+00,9.951739803707799401e-58
9.290000000000000924e+00,1.257332769455694649e-59
9.300000000000000711e+00,1.420453736210398826e-61
9.310000000000000497e+00,1.432043237629397578e-63
9.320000000000000284e+00,1.285744652418701124e-65
9.330000000000001847e+00,1.025961516948795256e-67
9.340000000000001634e+00,7.260794331364805548e-70
9.350000000000001421e+00,4.547823943233354166e-72
9.359999999999999432e+00,2.515764861626270099e-74
9.370000000000000995e+00,1.226463115089376140e-76
9.380000000000000782e+00,5.257978362745639190e-79
9.390000000000000568e+00,1.977950477413109609e-81
9.400000000000000355e+00,6.514594997600385037e-84
9.410000000000000142e+00,1.874426761132784045e-86
9.420000000000001705e+00,4.700919292447705328e-89
9.430000000000001492e+00,1.025286237390287455e-91
9.440000000000001279e+00,1.940263562491406888e-94
9.449999999999999289e+00,3.178522765082421928e-97
9.460000000000000853e+00,4.497022954917039979e-100
9.470000000000000639e+00,5.481970158961936535e-103
9.480000000000000426e+00,5.744166447626264578e-106
9.490000000000000213e+00,5.161233673662984683e-109
9.500000000000001776e+00,3.967015529050826079e-112
9.510000000000001563e+00,2.601933440916525208e-115
9.520000000000001350e+00,1.452709213882010649e-118
9.530000000000001137e+00,6.886998865532300316e-122
9.540000000000000924e+00,2.765406428675594757e-125
9.550000000000000711e+00,9.381333973072046224e-129
9.560000000000000497e+00,2.681860105609220190e-132
9.570000000000000284e+00,6.443961224454163205e-136
9.580000000000000071e+00,1.298029337377765200e-139
9.590000000000001634e+00,2.186203137844668645e-143
9.600000000000001421e+00,3.070581578705865217e-147
9.610000000000001208e+00,3.586861870579841557e-151
9.619999999999999218e+00,3.475380382391258952e-155
9.630000000000000782e+00,2.785502293058697263e-159
9.640000000000000568e+00,1.841738470209230230e-163
9.650000000000000355e+00,1.001787022954112873e-167
9.660000000000000142e+00,4.470288111335194225e-172
9.670000000000001705e+00,1.631878694408830194e-176
9.680000000000001492e+00,4.859615739533211466e-181
9.690000000000001279e+00,1.177164069368012463e-185
9.700000000000001066e+00,2.312822035523840648e-190
9.710000000000000853e+00,3.674993148500542347e-195
9.720000000000000639e+00,4.708783016766762829e-200
9.730000000000000426e+00,4.850842078473567610e-205
9.740000000000000213e+00,4.005807962437542876e-210
9.750000000000000000e+00,2.643781581542512070e-215
9.760000000000001563e+00,1.390308211864397167e-220
9.770000000000001350e+00,5.807964337975507962e-226
9.780000000000001137e+00,1.921458624707520228e-231
9.790000000000000924e+00,5.018672920657233585e-237
9.800000000000000711e+00,1.031676673303375742e-242
9.810000000000000497e+00,1.663913937780111429e-248
9.820000000000000284e+00,2.098823145056429594e-254
9.830000000000000071e+00,2.063922039875994032e-260
9.840000000000001634e+00,1.577202314217549343e-266
9.850000000000001421e+00,9.335807280446711269e-273
9.860000000000001208e+00,4.266481167416629126e-279
9.870000000000000995e+00,1.500423367182755592e-285
9.880000000000000782e+00,4.047117213650973229e-292
9.890000000000000568e+00,8.344821369553127226e-299
9.900000000000000355e+00,1.310896115351059150e-305
9.910000000000000142e+00,1.563613741322755406e-312
9.919999999999999929e+00,1.411298517345520753e-319
9.930000000000001492e+00,0.000000000000000000e+00
9.940000000000001279e+00,0.000000000000000000e+00
9.950000000000001066e+00,0.000000000000000000e+00
9.960000000000000853e+00,0.000000000000000000e+00
9.970000000000000639e+00,0.000000000000000000e+00
9.980000000000000426e+00,0.000000000000000000e+00
9.990000000000000213e+00,0.000000000000000000e+00
1.000000000000000000e+01,0.000000000000000000e+00
