z_mm,exact_fin_beer_lambert_rise_K,local_beer_lambert_rise_K,effective_hotspot_rise_K
0,456,456,0
0.0083402836,455.93254,453.16889,0
0.016680567,455.73498,450.35536,0
0.025020851,455.41429,447.55929,0
0.033361134,454.97712,444.78059,0
0.041701418,454.42977,442.01914,0
0.050041701,453.77826,439.27483,0
0.058381985,453.02833,436.54756,0
0.066722269,452.18542,433.83722,0
0.075062552,451.25471,431.14371,0
0.083402836,450.24115,428.46693,0
0.091743119,449.14944,425.80676,0
0.1000834,447.98405,423.1631,0
0.10842369,446.74924,420.53587,0
0.11676397,445.44906,417.92494,0
0.12510425,444.08736,415.33022,0
0.13344454,442.66781,412.75161,0
0.14178482,441.19391,410.18901,0
0.1501251,439.66897,407.64233,0
0.15846539,438.09615,405.11145,0
0.16680567,436.47846,402.59629,0
0.17514595,434.81876,400.09674,0
0.18348624,433.11976,397.61271,0
0.19182652,431.38406,395.1441,0
0.20016681,429.61411,392.69082,0
0.20850709,427.81225,390.25277,0
0.21684737,425.98071,387.82986,0
0.22518766,424.1216,385.42199,0
0.23352794,422.23693,383.02907,0
0.24186822,420.32861,380.651,0
0.25020851,418.39845,378.2877,0
0.25854879,416.44819,375.93908,0
0.26688907,414.47947,373.60503,0
0.27522936,412.49383,371.28548,0
0.28356964,410.49277,368.98032,0
0.29190992,408.47769,366.68948,0
0.30025021,406.44993,364.41286,0
0.30859049,404.41075,362.15038,0
0.31693078,402.36136,359.90194,0
0.32527106,400.3029,357.66747,0
0.33361134,398.23646,355.44686,0
0.34195163,396.16306,353.24004,0
0.35029191,394.08369,351.04693,0
0.35863219,391.99928,348.86743,0
0.36697248,389.91069,346.70146,0
0.37531276,387.81878,344.54894,0
0.38365304,385.72431,342.40978,0
0.39199333,383.62806,340.2839,0
0.40033361,381.53072,338.17123,0
0.40867389,379.43297,336.07167,0
0.41701418,377.33544,333.98514,0
0.42535446,375.23874,331.91157,0
0.43369475,373.14344,329.85087,0
0.44203503,371.05008,327.80297,0
0.45037531,368.95917,325.76778,0
0.4587156,366.87119,323.74523,0
0.46705588,364.7866,321.73523,0
0.47539616,362.70583,319.73771,0
0.48373645,360.62929,317.7526,0
0.49207673,358.55736,315.77981,0
0.50041701,356.4904,313.81927,0
0.5087573,354.42876,311.8709,0
0.51709758,352.37276,309.93462,0
0.52543786,350.3227,308.01037,0
0.53377815,348.27886,306.09807,0
0.54211843,346.24152,304.19764,0
0.55045872,344.21092,302.309,0
0.558799,342.18731,300.4321,0
0.56713928,340.17091,298.56684,0
0.57547957,338.16192,296.71317,0
0.58381985,336.16054,294.871,0
0.59216013,334.16695,293.04027,0
0.60050042,332.18132,291.22091,0
0.6088407,330.20382,289.41285,0
0.61718098,328.23458,287.616,0
0.62552127,326.27375,285.83032,0
0.63386155,324.32146,284.05572,0
0.64220183,322.37782,282.29214,0
0.65054212,320.44294,280.53951,0
0.6588824,318.51694,278.79776,0
0.66722269,316.59989,277.06682,0
0.67556297,314.69188,275.34663,0
0.68390325,312.79301,273.63712,0
0.69224354,310.90332,271.93823,0
0.70058382,309.0229,270.24988,0
0.7089241,307.1518,268.57201,0
0.71726439,305.29007,266.90457,0
0.72560467,303.43777,265.24747,0
0.73394495,301.59493,263.60066,0
0.74228524,299.76159,261.96408,0
0.75062552,297.93779,260.33765,0
0.7589658,296.12354,258.72133,0
0.76730609,294.31889,257.11504,0
0.77564637,292.52384,255.51872,0
0.78398666,290.73841,253.93231,0
0.79232694,288.96261,252.35576,0
0.80066722,287.19646,250.78899,0
0.80900751,285.43996,249.23195,0
0.81734779,283.6931,247.68457,0
0.82568807,281.9559,246.1468,0
0.83402836,280.22834,244.61858,0
0.84236864,278.51042,243.09985,0
0.85070892,276.80213,241.59055,0
0.85904921,275.10347,240.09062,0
0.86738949,273.41441,238.6,0
0.87572977,271.73494,237.11863,0
0.88407006,270.06505,235.64646,0
0.89241034,268.40472,234.18343,0
0.90075063,266.75391,232.72949,0
0.90909091,265.11263,231.28457,0
0.91743119,263.48082,229.84862,0
0.92577148,261.85848,228.42159,0
0.93411176,260.24558,227.00342,0
0.94245204,258.64208,225.59405,0
0.95079233,257.04796,224.19343,0
0.95913261,255.46318,222.80151,0
0.96747289,253.88772,221.41823,0
0.97581318,252.32154,220.04354,0
0.98415346,250.7646,218.67739,0
0.99249374,249.21688,217.31971,0
1.000834,247.67834,215.97047,0
1.0091743,246.14893,214.6296,0
1.0175146,244.62862,213.29706,0
1.0258549,243.11738,211.97278,0
1.0341952,241.61517,210.65674,0
1.0425354,240.12194,209.34886,3.5527137e-15
1.0508757,238.63766,208.0491,2.1316282e-14
1.059216,237.16229,206.75741,7.8159701e-14
1.0675563,235.69578,205.47374,2.9132252e-13
1.0758966,234.2381,204.19805,1.0409451e-12
1.0842369,232.7892,202.93027,3.598899e-12
1.0925771,231.34904,201.67036,1.1986856e-11
1.1009174,229.91758,200.41827,3.8564707e-11
1.1092577,228.49478,199.17396,1.1993606e-10
1.117598,227.08059,197.93738,3.6074965e-10
1.1259383,225.67497,196.70847,1.050168e-09
1.1342786,224.27788,195.48719,2.9608742e-09
1.1426188,222.88927,194.27349,8.0906553e-09
1.1509591,221.5091,193.06733,2.1440936e-08
1.1592994,220.13733,191.86866,5.5142927e-08
1.1676397,218.77391,190.67743,1.3772344e-07
1.17598,217.4188,189.49359,3.3425658e-07
1.1843203,216.07195,188.31711,7.8883219e-07
1.1926606,214.73332,187.14793,1.8113258e-06
1.2010008,213.40287,185.98601,4.0493648e-06
1.2093411,212.08055,184.8313,8.8190746e-06
1.2176814,210.76632,183.68376,1.8722709e-05
1.2260217,209.46012,182.54335,3.8768947e-05
1.234362,208.16193,181.41001,7.8347567e-05
1.2427023,206.87169,180.28372,0.00015461303
1.2510425,205.58936,179.16441,0.00029812271
1.2593828,204.31489,178.05206,0.0005619765
1.2677231,203.04824,176.94661,0.0010362333
1.2760634,201.78937,175.84802,0.0018700442
1.2844037,200.53823,174.75626,0.0033047318
1.292744,199.29479,173.67127,0.0057219254
1.3010842,198.05898,172.59302,0.009711759
1.3094245,196.83077,171.52146,0.016166944
1.3177648,195.61013,170.45656,0.026409092
1.3261051,194.39699,169.39827,0.042353781
1.3344454,193.19132,168.34655,0.066720358
1.3427857,191.99308,167.30135,0.10329109
1.3511259,190.80222,166.26265,0.15722194
1.3594662,189.61871,165.2304,0.23540368
1.3678065,188.44248,164.20455,0.34686774
1.3761468,187.27352,163.18508,0.50322531
1.3844871,186.11176,162.17193,0.71912265
1.3928274,184.95717,161.16507,1.012689
1.4011676,183.8097,160.16447,1.405948
1.4095079,182.66932,159.17008,1.9251591
1.4178482,181.53599,158.18186,2.6010518
1.4261885,180.40965,157.19977,3.468918
1.4345288,179.29027,156.22379,4.5685262
1.4428691,178.1778,155.25386,5.9438305
1.4512093,177.07221,154.28996,7.6424555
1.4595496,175.97346,153.33203,9.7149469
1.4678899,174.8815,152.38006,12.213794
1.4762302,173.79629,151.434,15.192245
1.4845705,172.71779,150.49381,18.70294
1.4929108,171.64596,149.55946,22.79642
1.501251,170.58076,148.63091,27.519561
1.5095913,169.52216,147.70812,32.913992
1.5179316,168.4701,146.79107,39.014578
1.5262719,167.42456,145.8797,45.848026
1.5346122,166.38548,144.974,53.431679
1.5429525,165.35284,144.07392,61.772547
1.5512927,164.3266,143.17942,70.866639
1.559633,163.3067,142.29048,80.698591
1.5679733,162.29313,141.40706,91.241642
1.5763136,161.28583,140.52913,102.45793
1.5846539,160.28477,139.65664,114.29912
1.5929942,159.28991,138.78957,126.70728
1.6013344,158.30122,137.92789,139.61604
1.6096747,157.31865,137.07155,152.95198
1.618015,156.34217,136.22053,166.63607
1.6263553,155.37174,135.3748,180.58528
1.6346956,154.40732,134.53431,194.71422
1.6430359,153.44888,133.69905,208.93674
1.6513761,152.49639,132.86897,223.16748
1.6597164,151.54979,132.04404,237.32328
1.6680567,150.60907,131.22424,251.32453
1.676397,149.67417,130.40952,265.09626
1.6847373,148.74507,129.59986,278.56914
1.6930776,147.82174,128.79523,291.68019
1.7014178,146.90413,127.9956,304.37342
1.7097581,145.9922,127.20093,316.60014
1.7180984,145.08594,126.41119,328.31921
1.7264387,144.18529,125.62636,339.49704
1.734779,143.29023,124.8464,350.10754
1.7431193,142.40072,124.07128,360.1318
1.7514595,141.51673,123.30097,369.5578
1.7597998,140.63822,122.53545,378.37997
1.7681401,139.76516,121.77468,386.59866
1.7764804,138.89751,121.01863,394.2196
1.7848207,138.03525,120.26728,401.25335
1.793161,137.17833,119.52059,407.71467
1.8015013,136.32674,118.77854,413.62195
1.8098415,135.48042,118.0411,418.99662
1.8181818,134.63936,117.30823,423.86257
1.8265221,133.80351,116.57991,428.24567
1.8348624,132.97285,115.85612,432.17322
1.8432027,132.14735,115.13682,435.67352
1.851543,131.32696,114.42198,438.77546
1.8598832,130.51167,113.71158,441.50812
1.8682235,129.70144,113.0056,443.90045
1.8765638,128.89623,112.30399,445.98102
1.8849041,128.09602,111.60675,447.7777
1.8932444,127.30078,110.91383,449.31749
1.9015847,126.51047,110.22521,450.62635
1.9099249,125.72506,109.54087,451.72905
1.9182652,124.94453,108.86078,452.64904
1.9266055,124.16884,108.18491,453.40838
1.9349458,123.39797,107.51323,454.02768
1.9432861,122.63188,106.84573,454.52606
1.9516264,121.87055,106.18237,454.92109
1.9599666,121.11394,105.52313,455.22886
1.9683069,120.36203,104.86798,455.46391
1.9766472,119.61478,104.2169,455.6393
1.9849875,118.87217,103.56986,455.76661
1.9933278,118.13418,102.92684,455.85601
2.0016681,117.40076,102.28781,455.91628
2.0100083,116.67189,101.65275,455.95488
2.0183486,115.94755,101.02163,455.97801
2.0266889,115.2277,100.39443,455.99068
2.0350292,114.51233,99.771127,455.99679
2.0433695,113.80139,99.15169,455.99922
2.0517098,113.09486,98.5361,455.9999
2.06005,112.39272,97.924331,456
2.0683903,111.69494,97.316361,455.9997
2.0767306,111.00149,96.712165,455.99481
2.0850709,110.31235,96.111721,455.98353
2.0934112,109.62748,95.515004,455.96563
2.1017515,108.94687,94.921992,455.94097
2.1100917,108.27048,94.332662,455.90944
2.118432,107.59829,93.746991,455.87096
2.1267723,106.93027,93.164956,455.82545
2.1351126,106.26639,92.586534,455.77285
2.1434529,105.60664,92.011704,455.71311
2.1517932,104.95099,91.440443,455.64619
2.1601334,104.2994,90.872728,455.57204
2.1684737,103.65186,90.308538,455.49062
2.176814,103.00834,89.747851,455.40191
2.1851543,102.36882,89.190645,455.30587
2.1934946,101.73326,88.636898,455.20248
2.2018349,101.10165,88.08659,455.0917
2.2101751,100.47396,87.539698,454.97352
2.2185154,99.850168,86.996201,454.84792
2.2268557,99.230248,86.456079,454.71488
2.235196,98.614177,85.91931,454.57437
2.2435363,98.00193,85.385874,454.42639
2.2518766,97.393484,84.855749,454.27092
2.2602168,96.788815,84.328916,454.10795
2.2685571,96.1879,83.805354,453.93746
2.2768974,95.590716,83.285042,453.75944
2.2852377,94.997239,82.767961,453.57389
2.293578,94.407447,82.25409,453.3808
2.3019183,93.821316,81.74341,453.18015
2.3102585,93.238824,81.2359,452.97194
2.3185988,92.659948,80.731541,452.75617
2.3269391,92.084666,80.230313,452.53284
2.3352794,91.512955,79.732197,452.30193
2.3436197,90.944794,79.237174,452.06344
2.35196,90.38016,78.745224,451.81738
2.3603003,89.819032,78.256329,451.56375
2.3686405,89.261387,77.770469,451.30253
2.3769808,88.707204,77.287625,451.03374
2.3853211,88.156462,76.807779,450.75736
2.3936614,87.609139,76.330913,450.47342
2.4020017,87.065213,75.857007,450.1819
2.410342,86.524665,75.386043,449.88281
2.4186822,85.987473,74.918003,449.57616
2.4270225,85.453616,74.452869,449.26194
2.4353628,84.923073,73.990623,448.94017
2.4437031,84.395824,73.531247,448.61085
2.4520434,83.871848,73.074723,448.27399
2.4603837,83.351125,72.621033,447.92959
2.4687239,82.833636,72.17016,447.57767
2.4770642,82.319359,71.722087,447.21822
2.4854045,81.808274,71.276795,446.85126
2.4937448,81.300363,70.834268,446.4768
2.5020851,80.795606,70.394488,446.09485
2.5104254,80.293981,69.957439,445.70542
2.5187656,79.795472,69.523103,445.30851
2.5271059,79.300057,69.091464,444.90415
2.5354462,78.807718,68.662504,444.49235
2.5437865,78.318436,68.236208,444.07311
2.5521268,77.832191,67.812559,443.64646
2.5604671,77.348965,67.391539,443.2124
2.5688073,76.86874,66.973134,442.77094
2.5771476,76.391495,66.557326,442.32212
2.5854879,75.917214,66.1441,441.86593
2.5938282,75.445877,65.73344,441.4024
2.6021685,74.977467,65.325329,440.93155
2.6105088,74.511965,64.919752,440.45338
2.618849,74.049352,64.516693,439.96792
2.6271893,73.589612,64.116136,439.47519
2.6355296,73.132727,63.718067,438.9752
2.6438699,72.678677,63.322469,438.46798
2.6522102,72.227447,62.929326,437.95354
2.6605505,71.779018,62.538625,437.4319
2.6688907,71.333374,62.150349,436.90309
2.677231,70.890496,61.764484,436.36712
2.6855713,70.450367,61.381015,435.82401
2.6939116,70.012972,60.999927,435.2738
2.7022519,69.578291,60.621204,434.7165
2.7105922,69.14631,60.244833,434.15213
2.7189324,68.71701,59.870799,433.58071
2.7272727,68.290376,59.499086,433.00228
2.735613,67.866391,59.129682,432.41685
2.7439533,67.445038,58.762571,431.82445
2.7522936,67.026301,58.397739,431.22511
2.7606339,66.610163,58.035173,430.61884
2.7689741,66.19661,57.674857,430.00569
2.7773144,65.785623,57.316779,429.38566
2.7856547,65.377189,56.960923,428.75879
2.793995,64.97129,56.607277,428.12511
2.8023353,64.567911,56.255827,427.48464
2.8106756,64.167037,55.906558,426.83741
2.8190158,63.768652,55.559458,426.18346
2.8273561,63.372739,55.214513,425.5228
2.8356964,62.979285,54.87171,424.85547
2.8440367,62.588274,54.531035,424.1815
2.852377,62.19969,54.192475,423.50091
2.8607173,61.813519,53.856017,422.81375
2.8690575,61.429746,53.521648,422.12003
2.8773978,61.048355,53.189355,421.41979
2.8857381,60.669332,52.859125,420.71306
2.8940784,60.292662,52.530946,419.99988
2.9024187,59.918331,52.204803,419.28027
2.910759,59.546324,51.880686,418.55427
2.9190992,59.176626,51.558581,417.82191
2.9274395,58.809224,51.238476,417.08322
2.9357798,58.444103,50.920358,416.33824
2.9441201,58.081248,50.604215,415.587
2.9524604,57.720647,50.290035,414.82954
2.9608007,57.362284,49.977806,414.06589
2.969141,57.006146,49.667515,413.29609
2.9774812,56.652219,49.359151,412.52017
2.9858215,56.30049,49.052701,411.73816
2.9941618,55.950945,48.748154,410.95011
3.0025021,55.603569,48.445497,410.15604
3.0108424,55.25835,48.14472,409.35601
3.0191827,54.915275,47.84581,408.55003
3.0275229,54.574329,47.548756,407.73816
3.0358632,54.235501,47.253546,406.92042
3.0442035,53.898776,46.960169,406.09686
3.0525438,53.564141,46.668613,405.26751
3.0608841,53.231585,46.378867,404.43241
3.0692244,52.901092,46.090921,403.59161
3.0775646,52.572652,45.804762,402.74513
3.0859049,52.246251,45.52038,401.89303
3.0942452,51.921876,45.237763,401.03533
3.1025855,51.599516,44.956901,400.17209
3.1109258,51.279156,44.677783,399.30333
3.1192661,50.960786,44.400398,398.4291
3.1276063,50.644392,44.124735,397.54944
3.1359466,50.329963,43.850783,396.6644
3.1442869,50.017486,43.578532,395.774
3.1526272,49.706948,43.307972,394.8783
3.1609675,49.398339,43.039091,393.97734
3.1693078,49.091647,42.77188,393.07115
3.177648,48.786857,42.506327,392.15979
3.1859883,48.483961,42.242424,391.24329
3.1943286,48.182945,41.980159,390.32169
3.2026689,47.883797,41.719522,389.39504
3.2110092,47.586508,41.460503,388.46338
3.2193495,47.291063,41.203093,387.52675
3.2276897,46.997452,40.94728,386.5852
3.23603,46.705665,40.693056,385.63878
3.2443703,46.415691,40.44041,384.68752
3.2527106,46.127515,40.189333,383.73147
3.2610509,45.841128,39.939815,382.77067
3.2693912,45.55652,39.691845,381.80518
3.2777314,45.273679,39.445416,380.83503
3.2860717,44.992596,39.200516,379.86026
3.294412,44.713256,38.957137,378.88093
3.3027523,44.43565,38.715268,377.89708
3.3110926,44.159768,38.474902,376.90876
3.3194329,43.885598,38.236028,375.916
3.3277731,43.613132,37.998636,374.91886
3.3361134,43.342357,37.762719,373.91738
3.3444537,43.073262,37.528267,372.91162
3.352794,42.805839,37.29527,371.9016
3.3611343,42.540076,37.063719,370.88739
3.3694746,42.275963,36.833606,369.86903
3.3778148,42.013487,36.604922,368.84656
3.3861551,41.752646,36.377658,367.82003
3.3944954,41.493421,36.151805,366.78949
3.4028357,41.235806,35.927353,365.75499
3.411176,40.979791,35.704296,364.71657
3.4195163,40.725365,35.482623,363.67428
3.4278565,40.472519,35.262327,362.62816
3.4361968,40.221242,35.043398,361.57828
3.4445371,39.971525,34.825828,360.52467
3.4528774,39.723359,34.60961,359.46737
3.4612177,39.476734,34.394733,358.40645
3.469558,39.23164,34.181191,357.34195
3.4778982,38.988067,33.968975,356.27391
3.4862385,38.746007,33.758076,355.20239
3.4945788,38.50545,33.548487,354.12743
3.5029191,38.266386,33.340198,353.04907
3.5112594,38.028806,33.133203,351.96738
3.5195997,37.792701,32.927493,350.8824
3.5279399,37.558063,32.723061,349.79417
3.5362802,37.324881,32.519897,348.70275
3.5446205,37.093147,32.317995,347.60818
3.5529608,36.862851,32.117346,346.51051
3.5613011,36.633985,31.917943,345.4098
3.5696414,36.406541,31.719779,344.30609
3.5779817,36.180508,31.522844,343.19942
3.5863219,35.955879,31.327132,342.08986
3.5946622,35.732644,31.132635,340.97744
3.6030025,35.510795,30.939346,339.86222
3.6113428,35.290324,30.747257,338.74425
3.6196831,35.071221,30.55636,337.62357
3.6280234,34.853479,30.366649,336.50024
3.6363636,34.637089,30.178115,335.3743
3.6447039,34.422042,29.990752,334.2458
3.6530442,34.20833,29.804553,333.11479
3.6613845,33.995945,29.619509,331.98133
3.6697248,33.784879,29.435614,330.84545
3.6780651,33.575123,29.252861,329.70722
3.6864053,33.366669,29.071242,328.56667
3.6947456,33.15951,28.890751,327.42387
3.7030859,32.953637,28.711381,326.27885
3.7114262,32.749042,28.533124,325.13167
3.7197665,32.545717,28.355974,323.98237
3.7281068,32.343654,28.179924,322.83101
3.736447,32.142846,28.004967,321.67763
3.7447873,31.943285,27.831096,320.52228
3.7531276,31.744963,27.658305,319.36502
3.7614679,31.547872,27.486586,318.20589
3.7698082,31.352005,27.315934,317.04494
3.7781485,31.157354,27.146341,315.88221
3.7864887,30.963911,26.977801,314.71777
3.794829,30.771669,26.810307,313.55165
3.8031693,30.580621,26.643853,312.38391
3.8115096,30.390759,26.478433,311.21459
3.8198499,30.202076,26.31404,310.04375
3.8281902,30.014564,26.150667,308.87142
3.8365304,29.828216,25.988309,307.69767
3.8448707,29.643026,25.826959,306.52253
3.853211,29.458985,25.66661,305.34606
3.8615513,29.276087,25.507257,304.16831
3.8698916,29.094324,25.348893,302.98932
3.8782319,28.91369,25.191513,301.80914
3.8865721,28.734177,25.03511,300.62782
3.8949124,28.555779,24.879677,299.4454
3.9032527,28.378488,24.72521,298.26195
3.911593,28.202298,24.571702,297.07749
3.9199333,28.027202,24.419147,295.89208
3.9282736,27.853193,24.267538,294.70578
3.9366138,27.680265,24.116872,293.51861
3.9449541,27.50841,23.96714,292.33064
3.9532944,27.337622,23.818339,291.14191
3.9616347,27.167894,23.670461,289.95246
3.969975,26.99922,23.523501,288.76235
3.9783153,26.831594,23.377454,287.57162
3.9866555,26.665008,23.232313,286.38031
3.9949958,26.499456,23.088073,285.18848
4.0033361,26.334932,22.944729,283.99616
4.0116764,26.17143,22.802275,282.80341
4.0200167,26.008943,22.660706,281.61028
4.028357,25.847464,22.520015,280.4168
4.0366972,25.686989,22.380198,279.22302
4.0450375,25.527509,22.241249,278.02899
4.0533778,25.36902,22.103163,276.83476
4.0617181,25.211514,21.965933,275.64037
4.0700584,25.054987,21.829556,274.44586
4.0783987,24.899431,21.694026,273.25128
4.0867389,24.744841,21.559337,272.05667
4.0950792,24.591211,21.425484,270.86208
4.1034195,24.438535,21.292463,269.66756
4.1117598,24.286806,21.160267,268.47314
4.1201001,24.13602,21.028892,267.27888
4.1284404,23.986169,20.898332,266.08481
4.1367807,23.83725,20.768584,264.89098
4.1451209,23.689254,20.63964,263.69744
4.1534612,23.542178,20.511498,262.50422
4.1618015,23.396015,20.38415,261.31136
4.1701418,23.250759,20.257594,260.11893
4.1784821,23.106405,20.131823,258.92694
4.1868224,22.962947,20.006833,257.73545
4.1951626,22.82038,19.882619,256.54451
4.2035029,22.678698,19.759177,255.35414
4.2118432,22.537895,19.6365,254.1644
4.2201835,22.397967,19.514586,252.97533
4.2285238,22.258908,19.393428,251.78696
4.2368641,22.120712,19.273023,250.59934
4.2452043,21.983374,19.153365,249.41251
4.2535446,21.846888,19.03445,248.2265
4.2618849,21.71125,18.916273,247.04137
4.2702252,21.576454,18.79883,245.85716
4.2785655,21.442495,18.682116,244.67389
4.2869058,21.309368,18.566127,243.49161
4.295246,21.177067,18.450857,242.31037
4.3035863,21.045588,18.336304,241.13019
4.3119266,20.914925,18.222462,239.95113
4.3202669,20.785073,18.109326,238.77321
4.3286072,20.656027,17.996893,237.59649
4.3369475,20.527783,17.885158,236.42098
4.3452877,20.400335,17.774117,235.24675
4.353628,20.273678,17.663765,234.07381
4.3619683,20.147807,17.554098,232.90222
4.3703086,20.022718,17.445112,231.732
4.3786489,19.898406,17.336803,230.5632
4.3869892,19.774865,17.229166,229.39585
4.3953294,19.652091,17.122198,228.22999
4.4036697,19.53008,17.015893,227.06565
4.41201,19.408826,16.910249,225.90288
4.4203503,19.288325,16.80526,224.7417
4.4286906,19.168572,16.700924,223.58216
4.4370309,19.049562,16.597235,222.42429
4.4453711,18.931292,16.49419,221.26812
4.4537114,18.813755,16.391784,220.11369
4.4620517,18.696949,16.290015,218.96103
4.470392,18.580867,16.188877,217.81019
4.4787323,18.465507,16.088367,216.66118
4.4870726,18.350862,15.988481,215.51405
4.4954128,18.23693,15.889216,214.36883
4.5037531,18.123704,15.790566,213.22556
4.5120934,18.011182,15.692529,212.08426
4.5204337,17.899358,15.595101,210.94497
4.528774,17.788229,15.498278,209.80773
4.5371143,17.677789,15.402056,208.67255
4.5454545,17.568035,15.306431,207.53949
4.5537948,17.458963,15.2114,206.40856
4.5621351,17.350568,15.116959,205.2798
4.5704754,17.242846,15.023104,204.15324
4.5788157,17.135792,14.929832,203.02891
4.587156,17.029403,14.837139,201.90684
4.5954962,16.923675,14.745021,200.78707
4.6038365,16.818603,14.653476,199.66962
4.6121768,16.714184,14.562499,198.55452
4.6205171,16.610412,14.472086,197.4418
4.6288574,16.507285,14.382235,196.33149
4.6371977,16.404799,14.292942,195.22362
4.6455379,16.302948,14.204204,194.11822
4.6538782,16.20173,14.116016,193.01531
4.6622185,16.101141,14.028375,191.91493
4.6705588,16.001176,13.941279,190.8171
4.6788991,15.901831,13.854724,189.72185
4.6872394,15.803103,13.768706,188.6292
4.6955796,15.704989,13.683222,187.53919
4.7039199,15.607483,13.598268,186.45184
4.7122602,15.510583,13.513843,185.36717
4.7206005,15.414284,13.429941,184.28521
4.7289408,15.318584,13.34656,183.20599
4.7372811,15.223477,13.263697,182.12954
4.7456214,15.128961,13.181348,181.05587
4.7539616,15.035032,13.099511,179.98501
4.7623019,14.941686,13.018182,178.91699
4.7706422,14.848919,12.937357,177.85183
4.7789825,14.756729,12.857035,176.78956
4.7873228,14.66511,12.777211,175.73019
4.7956631,14.574061,12.697883,174.67376
4.8040033,14.483577,12.619047,173.62028
4.8123436,14.393654,12.540701,172.56978
4.8206839,14.30429,12.462841,171.52227
4.8290242,14.215481,12.385465,170.47779
4.8373645,14.127223,12.308568,169.43635
4.8457048,14.039513,12.23215,168.39798
4.854045,13.952348,12.156206,167.36269
4.8623853,13.865724,12.080733,166.33051
4.8707256,13.779638,12.005729,165.30146
4.8790659,13.694086,11.93119,164.27555
4.8874062,13.609065,11.857115,163.25281
4.8957465,13.524572,11.783499,162.23326
4.9040867,13.440604,11.71034,161.21692
4.912427,13.357157,11.637636,160.2038
4.9207673,13.274228,11.565383,159.19393
4.9291076,13.191814,11.493578,158.18731
4.9374479,13.109912,11.422219,157.18398
4.9457882,13.028518,11.351304,156.18395
4.9541284,12.947629,11.280828,155.18724
4.9624687,12.867243,11.21079,154.19386
4.970809,12.787356,11.141187,153.20383
4.9791493,12.707965,11.072017,152.21717
4.9874896,12.629066,11.003275,151.23389
4.9958299,12.550658,10.934961,150.25401
5.0041701,12.472736,10.86707,149.27755
5.0125104,12.395298,10.799601,148.30452
5.0208507,12.318341,10.732551,147.33494
5.029191,12.241862,10.665917,146.36882
5.0375313,12.165857,10.599697,145.40617
5.0458716,12.090325,10.533888,144.44702
5.0542118,12.015261,10.468488,143.49137
5.0625521,11.940663,10.403493,142.53924
5.0708924,11.866529,10.338902,141.59064
5.0792327,11.792855,10.274713,140.64559
5.087573,11.719638,10.210921,139.7041
5.0959133,11.646876,10.147526,138.76618
5.1042535,11.574565,10.084524,137.83184
5.1125938,11.502704,10.021914,136.90109
5.1209341,11.431288,9.959692,135.97396
5.1292744,11.360316,9.8978566,135.05044
5.1376147,11.289785,9.836405,134.13055
5.145955,11.219691,9.775335,133.21431
5.1542952,11.150033,9.7146441,132.30171
5.1626355,11.080807,9.65433,131.39278
5.1709758,11.012011,9.5943904,130.48752
5.1793161,10.943643,9.5348229,129.58595
5.1876564,10.875698,9.4756253,128.68806
5.1959967,10.808176,9.4167952,127.79388
5.2043369,10.741072,9.3583303,126.9034
5.2126772,10.674385,9.3002284,126.01665
5.2210175,10.608113,9.2424873,125.13362
5.2293578,10.542252,9.1851046,124.25432
5.2376981,10.476799,9.1280783,123.37878
5.2460384,10.411753,9.0714059,122.50698
5.2543786,10.347111,9.0150854,121.63894
5.2627189,10.28287,8.9591146,120.77466
5.2710592,10.219028,8.9034913,119.91416
5.2793995,10.155583,8.8482133,119.05744
5.2877398,10.092531,8.7932786,118.20451
5.2960801,10.029871,8.7386848,117.35536
5.3044204,9.9675997,8.6844301,116.51001
5.3127606,9.9057152,8.6305122,115.66847
5.3211009,9.8442148,8.576929,114.83073
5.3294412,9.7830963,8.5236785,113.99681
5.3377815,9.7223572,8.4707586,113.16671
5.3461218,9.6619952,8.4181673,112.34043
5.3544621,9.602008,8.3659025,111.51797
5.3628023,9.5423933,8.3139622,110.69935
5.3711426,9.4831486,8.2623444,109.88456
5.3794829,9.4242718,8.211047,109.07361
5.3878232,9.3657605,8.1600681,108.26651
5.3961635,9.3076125,8.1094057,107.46325
5.4045038,9.2498255,8.0590579,106.66383
5.412844,9.1923973,8.0090226,105.86827
5.4211843,9.1353257,7.959298,105.07656
5.4295246,9.0786083,7.9098822,104.2887
5.4378649,9.0222431,7.8607731,103.5047
5.4462052,8.9662279,7.8119689,102.72456
5.4545455,8.9105604,7.7634677,101.94828
5.4628857,8.8552385,7.7152677,101.17586
5.471226,8.8002601,7.6673669,100.4073
5.4795663,8.7456231,7.6197635,99.642608
5.4879066,8.6913252,7.5724556,98.881777
5.4962469,8.6373645,7.5254415,98.124809
5.5045872,8.5837388,7.4787192,97.371704
5.5129274,8.530446,7.432287,96.622463
5.5212677,8.4774841,7.3861431,95.877084
5.529608,8.4248511,7.3402857,95.135569
5.5379483,8.3725448,7.294713,94.397914
5.5462886,8.3205632,7.2494233,93.664121
5.5546289,8.2689044,7.2044147,92.934186
5.5629691,8.2175663,7.1596856,92.208109
5.5713094,8.1665469,7.1152341,91.485888
5.5796497,8.1158443,7.0710587,90.767522
5.58799,8.0654565,7.0271575,90.053007
5.5963303,8.0153815,6.9835289,89.342343
5.6046706,7.9656175,6.9401711,88.635525
5.6130108,7.9161624,6.8970826,87.932552
5.6213511,7.8670143,6.8542615,87.233421
5.6296914,7.8181714,6.8117064,86.538129
5.6380317,7.7696317,6.7694154,85.846671
5.646372,7.7213933,6.727387,85.159045
5.6547123,7.6734545,6.6856195,84.475248
5.6630525,7.6258133,6.6441114,83.795274
5.6713928,7.5784679,6.6028609,83.119121
5.6797331,7.5314164,6.5618666,82.446783
5.6880734,7.4846571,6.5211267,81.778257
5.6964137,7.438188,6.4806398,81.113537
5.704754,7.3920075,6.4404043,80.45262
5.7130942,7.3461137,6.4004186,79.795499
5.7214345,7.3005048,6.3606811,79.14217
5.7297748,7.2551791,6.3211904,78.492627
5.7381151,7.2101348,6.2819448,77.846866
5.7464554,7.1653701,6.2429429,77.204879
5.7547957,7.1208834,6.2041831,76.566662
5.7631359,7.0766729,6.165664,75.932208
5.7714762,7.0327368,6.127384,75.301511
5.7798165,6.9890736,6.0893417,74.674564
5.7881568,6.9456814,6.0515356,74.051362
5.7964971,6.9025586,6.0139642,73.431897
5.8048374,6.8597036,5.9766261,72.816162
5.8131776,6.8171146,5.9395198,72.204151
5.8215179,6.7747901,5.9026438,71.595856
5.8298582,6.7327283,5.8659968,70.99127
5.8381985,6.6909277,5.8295774,70.390386
5.8465388,6.6493866,5.793384,69.793195
5.8548791,6.6081034,5.7574154,69.19969
5.8632193,6.5670765,5.72167,68.609864
5.8715596,6.5263043,5.6861466,68.023707
5.8798999,6.4857853,5.6508438,67.441212
5.8882402,6.4455178,5.6157601,66.862371
5.8965805,6.4055003,5.5808942,66.287174
5.9049208,6.3657313,5.5462448,65.715613
5.9132611,6.3262092,5.5118106,65.14768
5.9216013,6.2869325,5.4775901,64.583365
5.9299416,6.2478996,5.4435821,64.02266
5.9382819,6.2091091,5.4097852,63.465555
5.9466222,6.1705594,5.3761982,62.91204
5.9549625,6.132249,5.3428196,62.362107
5.9633028,6.0941765,5.3096484,61.815746
5.971643,6.0563403,5.276683,61.272947
5.9799833,6.0187391,5.2439223,60.7337
5.9883236,5.9813713,5.2113651,60.197995
5.9966639,5.9442355,5.1790099,59.665823
6.0050042,5.9073303,5.1468557,59.137172
6.0133445,5.8706542,5.114901,58.612033
6.0216847,5.8342059,5.0831448,58.090396
6.030025,5.7979838,5.0515857,57.572249
6.0383653,5.7619866,5.0202226,57.057583
6.0467056,5.7262128,4.9890542,56.546385
6.0550459,5.6906612,4.9580793,56.038647
6.0633862,5.6553303,4.9272967,55.534356
6.0717264,5.6202188,4.8967052,55.033501
6.0800667,5.5853253,4.8663036,54.536072
6.088407,5.5506484,4.8360908,54.042056
6.0967473,5.5161868,4.8060656,53.551444
6.1050876,5.4819391,4.7762268,53.064222
6.1134279,5.4479041,4.7465733,52.580381
6.1217681,5.4140804,4.7171038,52.099907
6.1301084,5.3804667,4.6878173,51.622789
6.1384487,5.3470617,4.6587127,51.149016
6.146789,5.313864,4.6297887,50.678576
6.1551293,5.2808725,4.6010443,50.211456
6.1634696,5.2480859,4.5724784,49.747644
6.1718098,5.2155027,4.5440899,49.287129
6.1801501,5.1831219,4.5158775,48.829897
6.1884904,5.1509421,4.4878404,48.375937
6.1968307,5.1189621,4.4599773,47.925237
6.205171,5.0871807,4.4322872,47.477783
6.2135113,5.0555965,4.404769,47.033563
6.2218515,5.0242085,4.3774217,46.592565
6.2301918,4.9930153,4.3502442,46.154776
6.2385321,4.9620158,4.3232354,45.720183
6.2468724,4.9312088,4.2963942,45.288773
6.2552127,4.900593,4.2697198,44.860533
6.263553,4.8701673,4.2432109,44.435451
6.2718932,4.8399305,4.2168666,44.013513
6.2802335,4.8098815,4.1906859,43.594706
6.2885738,4.780019,4.1646677,43.179017
6.2969141,4.7503419,4.1388111,42.766433
6.3052544,4.720849,4.113115,42.35694
6.3135947,4.6915393,4.0875784,41.950526
6.3219349,4.6624115,4.0622004,41.547177
6.3302752,4.6334646,4.0369799,41.146879
6.3386155,4.6046974,4.011916,40.749618
6.3469558,4.5761088,3.9870077,40.355383
6.3552961,4.5476977,3.9622541,39.964158
6.3636364,4.519463,3.9376542,39.57593
6.3719766,4.4914036,3.9132069,39.190685
6.3803169,4.4635184,3.8889115,38.808411
6.3886572,4.4358063,3.8647669,38.429092
6.3969975,4.4082663,3.8407722,38.052716
6.4053378,4.3808972,3.8169265,37.679268
6.4136781,4.3536981,3.7932289,37.308734
6.4220183,4.3266679,3.7696783,36.941101
6.4303586,4.2998054,3.746274,36.576354
6.4386989,4.2731098,3.723015,36.214481
6.4470392,4.2465799,3.6999004,35.855466
6.4553795,4.2202147,3.6769293,35.499295
6.4637198,4.1940132,3.6541008,35.145955
6.4720601,4.1679743,3.631414,34.795431
6.4804003,4.1420971,3.6088681,34.44771
6.4887406,4.1163806,3.5864622,34.102777
6.4970809,4.0908238,3.5641954,33.760617
6.5054212,4.0654256,3.5420668,33.421218
6.5137615,4.0401851,3.5200757,33.084564
6.5221018,4.0151013,3.498221,32.750642
6.530442,3.9901733,3.4765021,32.419436
6.5387823,3.9654,3.4549179,32.090933
6.5471226,3.9407805,3.4334678,31.765119
6.5554629,3.9163139,3.4121509,31.441979
6.5638032,3.8919992,3.3909663,31.121499
6.5721435,3.8678354,3.3699132,30.803664
6.5804837,3.8438217,3.3489909,30.488461
6.588824,3.819957,3.3281984,30.175875
6.5971643,3.7962406,3.3075351,29.865891
6.6055046,3.7726713,3.287,29.558495
6.6138449,3.7492484,3.2665924,29.253673
6.6221852,3.7259709,3.2463116,28.951411
6.6305254,3.702838,3.2261566,28.651693
6.6388657,3.6798486,3.2061268,28.354506
6.647206,3.657002,3.1862213,28.059836
6.6555463,3.6342973,3.1664394,27.767667
6.6638866,3.6117335,3.1467803,27.477986
6.6722269,3.5893098,3.1272433,27.190778
6.6805671,3.5670253,3.1078276,26.906029
6.6889074,3.5448791,3.0885324,26.623724
6.6972477,3.5228705,3.069357,26.343849
6.705588,3.5009985,3.0503007,26.06639
6.7139283,3.4792623,3.0313627,25.791332
6.7222686,3.457661,3.0125423,25.518662
6.7306088,3.4361939,2.9938387,25.248364
6.7389491,3.41486,2.9752512,24.980424
6.7472894,3.3936586,2.9567792,24.714828
6.7556297,3.3725888,2.9384218,24.451562
6.76397,3.3516499,2.9201784,24.190611
6.7723103,3.3308409,2.9020482,23.931962
6.7806505,3.3101612,2.8840307,23.675599
6.7889908,3.2896098,2.8661249,23.42151
6.7973311,3.269186,2.8483304,23.169678
6.8056714,3.248889,2.8306463,22.920091
6.8140117,3.2287181,2.8130721,22.672734
6.822352,3.2086723,2.7956069,22.427593
6.8306922,3.188751,2.7782502,22.184653
6.8390325,3.1689535,2.7610012,21.943901
6.8473728,3.1492788,2.7438593,21.705323
6.8557131,3.1297262,2.7268239,21.468904
6.8640534,3.1102951,2.7098942,21.234631
6.8723937,3.0909846,2.6930696,21.002489
6.8807339,3.071794,2.6763495,20.772464
6.8890742,3.0527226,2.6597332,20.544543
6.8974145,3.0337695,2.64322,20.318711
6.9057548,3.0149341,2.6268094,20.094954
6.9140951,2.9962157,2.6105007,19.87326
6.9224354,2.9776135,2.5942932,19.653613
6.9307756,2.9591267,2.5781863,19.436
6.9391159,2.9407548,2.5621795,19.220408
6.9474562,2.9224969,2.546272,19.006821
6.9557965,2.9043524,2.5304633,18.795228
6.9641368,2.8863205,2.5147527,18.585613
6.9724771,2.8684005,2.4991397,18.377964
6.9808173,2.8505919,2.4836236,18.172266
6.9891576,2.8328938,2.4682038,17.968507
6.9974979,2.8153055,2.4528798,17.766672
7.0058382,2.7978265,2.4376509,17.566748
7.0141785,2.780456,2.4225166,17.368722
7.0225188,2.7631933,2.4074762,17.172579
7.030859,2.7460379,2.3925292,16.978308
7.0391993,2.7289889,2.377675,16.785894
7.0475396,2.7120457,2.3629131,16.595324
7.0558799,2.6952078,2.3482428,16.406584
7.0642202,2.6784744,2.3336635,16.219662
7.0725605,2.6618449,2.3191748,16.034545
7.0809008,2.6453187,2.304776,15.851218
7.089241,2.628895,2.2904667,15.66967
7.0975813,2.6125733,2.2762461,15.489886
7.1059216,2.596353,2.2621139,15.311855
7.1142619,2.5802333,2.2480694,15.135562
7.1226022,2.5642138,2.2341121,14.960996
7.1309425,2.5482936,2.2202414,14.788142
7.1392827,2.5324724,2.2064569,14.616989
7.147623,2.5167493,2.192758,14.447524
7.1559633,2.5011239,2.1791441,14.279733
7.1643036,2.4855955,2.1656147,14.113604
7.1726439,2.4701635,2.1521693,13.949124
7.1809842,2.4548273,2.1388074,13.786282
7.1893244,2.4395863,2.1255285,13.625063
7.1976647,2.42444,2.112332,13.465456
7.206005,2.4093877,2.0992174,13.307449
7.2143453,2.3944288,2.0861843,13.151028
7.2226856,2.3795628,2.073232,12.996182
7.2310259,2.3647891,2.0603602,12.842898
7.2393661,2.3501072,2.0475683,12.691163
7.2477064,2.3355164,2.0348559,12.540967
7.2560467,2.3210161,2.0222223,12.392296
7.264387,2.306606,2.0096672,12.245139
7.2727273,2.2922852,1.99719,12.099483
7.2810676,2.2780534,1.9847903,11.955316
7.2894078,2.2639099,1.9724676,11.812627
7.2977481,2.2498543,1.9602214,11.671404
7.3060884,2.2358859,1.9480512,11.531634
7.3144287,2.2220042,1.9359566,11.393306
7.322769,2.2082088,1.9239371,11.256409
7.3311093,2.1944989,1.9119922,11.12093
7.3394495,2.1808742,1.9001214,10.986858
7.3477898,2.1673341,1.8883244,10.854181
7.3561301,2.1538781,1.8766006,10.722889
7.3644704,2.1405056,1.8649496,10.592969
7.3728107,2.1272161,1.8533709,10.46441
7.381151,2.1140091,1.8418641,10.3372
7.3894912,2.1008841,1.8304288,10.211329
7.3978315,2.0878406,1.8190644,10.086786
7.4061718,2.0748781,1.8077706,9.9635583
7.4145121,2.0619961,1.7965469,9.8416357
7.4228524,2.049194,1.785393,9.7210071
7.4311927,2.0364715,1.7743082,9.6016614
7.4395329,2.0238279,1.7632923,9.4835876
7.4478732,2.0112628,1.7523448,9.366775
7.4562135,1.9987757,1.7414652,9.2512126
7.4645538,1.9863662,1.7306532,9.1368898
7.4728941,1.9740337,1.7199083,9.0237958
7.4812344,1.9617778,1.7092301,8.91192
7.4895746,1.9495979,1.6986182,8.8012518
7.4979149,1.9374937,1.6880723,8.6917806
7.5062552,1.9254646,1.6775917,8.5834961
7.5145955,1.9135102,1.6671763,8.4763877
7.5229358,1.9016301,1.6568255,8.3704451
7.5312761,1.8898237,1.646539,8.2656581
7.5396163,1.8780906,1.6363163,8.1620164
7.5479566,1.8664303,1.6261571,8.0595099
7.5562969,1.8548424,1.616061,7.9581283
7.5646372,1.8433265,1.6060276,7.8578617
7.5729775,1.8318821,1.5960564,7.7587001
7.5813178,1.8205087,1.5861472,7.6606335
7.589658,1.8092059,1.5762995,7.563652
7.5979983,1.7979733,1.5665129,7.4677459
7.6063386,1.7868105,1.5567871,7.3729054
7.6146789,1.775717,1.5471217,7.2791207
7.6230192,1.7646923,1.5375163,7.1863822
7.6313595,1.7537361,1.5279705,7.0946805
7.6396997,1.7428479,1.518484,7.0040058
7.64804,1.7320273,1.5090564,6.9143488
7.6563803,1.7212739,1.4996873,6.8257001
7.6647206,1.7105872,1.4903764,6.7380504
7.6730609,1.6999669,1.4811232,6.6513903
7.6814012,1.6894125,1.4719276,6.5657106
7.6897415,1.6789237,1.462789,6.4810021
7.6980817,1.6685,1.4537072,6.3972559
7.706422,1.658141,1.4446817,6.3144627
7.7147623,1.6478463,1.4357123,6.2326137
7.7231026,1.6376155,1.4267986,6.1516999
7.7314429,1.6274482,1.4179402,6.0717124
7.7397832,1.6173441,1.4091368,5.9926425
7.7481234,1.6073027,1.4003881,5.9144813
7.7564637,1.5973237,1.3916937,5.8372203
7.764804,1.5874066,1.3830533,5.7608507
7.7731443,1.577551,1.3744665,5.685364
7.7814846,1.5677567,1.365933,5.6107517
7.7898249,1.5580232,1.3574525,5.5370053
7.7981651,1.5483501,1.3490247,5.4641164
7.8065054,1.538737,1.3406491,5.3920768
7.8148457,1.5291837,1.3323256,5.3208781
7.823186,1.5196896,1.3240538,5.250512
7.8315263,1.5102545,1.3158333,5.1809706
7.8398666,1.500878,1.3076639,5.1122455
7.8482068,1.4915597,1.2995451,5.0443289
7.8565471,1.4822992,1.2914768,4.9772126
7.8648874,1.4730962,1.2834586,4.9108889
7.8732277,1.4639504,1.2754901,4.8453497
7.881568,1.4548614,1.2675712,4.7805874
7.8899083,1.4458288,1.2597014,4.7165941
7.8982485,1.4368522,1.2518804,4.6533621
7.9065888,1.4279314,1.244108,4.5908838
7.9149291,1.419066,1.2363839,4.5291516
7.9232694,1.4102556,1.2287077,4.468158
7.9316097,1.4015,1.2210792,4.4078955
7.93995,1.3927987,1.213498,4.3483567
7.9482902,1.3841514,1.2059639,4.2895342
7.9566305,1.3755578,1.1984766,4.2314207
7.9649708,1.3670175,1.1910358,4.174009
7.9733111,1.3585303,1.1836412,4.1172919
7.9816514,1.3500957,1.1762924,4.0612623
7.9899917,1.3417136,1.1689893,4.005913
7.9983319,1.3333834,1.1617316,3.9512371
8.0066722,1.325105,1.1545189,3.8972275
8.0150125,1.316878,1.147351,3.8438774
8.0233528,1.3087021,1.1402276,3.7911799
8.0316931,1.3005769,1.1331484,3.7391282
8.0400334,1.2925022,1.1261131,3.6877155
8.0483736,1.2844776,1.1191216,3.6369351
8.0567139,1.2765028,1.1121734,3.5867805
8.0650542,1.2685776,1.1052684,3.5372449
8.0733945,1.2607015,1.0984063,3.4883219
8.0817348,1.2528744,1.0915867,3.4400049
8.0900751,1.2450958,1.0848096,3.3922876
8.0984153,1.2373655,1.0780744,3.3451636
8.1067556,1.2296833,1.0713811,3.2986265
8.1150959,1.2220487,1.0647294,3.2526701
8.1234362,1.2144615,1.0581189,3.2072881
8.1317765,1.2069214,1.0515495,3.1624744
8.1401168,1.1994282,1.0450209,3.1182228
8.148457,1.1919814,1.0385328,3.0745273
8.1567973,1.1845809,1.032085,3.0313819
8.1651376,1.1772264,1.0256772,2.9887806
8.1734779,1.1699175,1.0193092,2.9467175
8.1818182,1.162654,1.0129808,2.9051867
8.1901585,1.1554355,1.0066916,2.8641824
8.1984987,1.1482619,1.0004415,2.8236988
8.206839,1.1411329,0.99423019,2.7837303
8.2151793,1.1340481,0.98805743,2.7442712
8.2235196,1.1270072,0.98192301,2.7053158
8.2318599,1.1200101,0.97582667,2.6668586
8.2402002,1.1130565,0.96976818,2.6288941
8.2485405,1.106146,0.9637473,2.5914167
8.2568807,1.0992784,0.95776381,2.5544212
8.265221,1.0924534,0.95181746,2.517902
8.2735613,1.0856709,0.94590803,2.481854
8.2819016,1.0789304,0.94003529,2.4462717
8.2902419,1.0722318,0.93419901,2.41115
8.2985822,1.0655747,0.92839897,2.3764838
8.3069224,1.058959,0.92263494,2.3422677
8.3152627,1.0523844,0.91690669,2.3084969
8.323603,1.0458506,0.91121401,2.2751661
8.3319433,1.0393574,0.90555667,2.2422705
8.3402836,1.0329044,0.89993446,2.2098051
8.3486239,1.0264916,0.89434715,2.1777649
8.3569641,1.0201185,0.88879453,2.1461451
8.3653044,1.0137851,0.88327638,2.114941
8.3736447,1.0074909,0.8777925,2.0841476
8.381985,1.0012358,0.87234266,2.0537603
8.3903253,0.99501957,0.86692666,2.0237745
8.3986656,0.98884192,0.86154428,1.9941854
8.4070058,0.98270262,0.85619532,1.9649885
8.4153461,0.97660144,0.85087957,1.9361792
8.4236864,0.97053814,0.84559682,1.9077531
8.4320267,0.96451248,0.84034687,1.8797055
8.440367,0.95852424,0.83512952,1.8520322
8.4487073,0.95257317,0.82994455,1.8247288
8.4570475,0.94665905,0.82479178,1.7977908
8.4653878,0.94078165,0.819671,1.7712141
8.4737281,0.93494074,0.81458202,1.7449943
8.4820684,0.92913609,0.80952462,1.7191272
8.4904087,0.92336748,0.80449863,1.6936087
8.498749,0.91763469,0.79950384,1.6684346
8.5070892,0.91193749,0.79454007,1.6436009
8.5154295,0.90627566,0.78960711,1.6191034
8.5237698,0.90064898,0.78470477,1.5949383
8.5321101,0.89505723,0.77983288,1.5711014
8.5404504,0.8895002,0.77499123,1.5475888
8.5487907,0.88397768,0.77017964,1.5243968
8.5571309,0.87848944,0.76539792,1.5015213
8.5654712,0.87303527,0.76064589,1.4789586
8.5738115,0.86761497,0.75592337,1.456705
8.5821518,0.86222832,0.75123016,1.4347566
8.5904921,0.85687511,0.74656609,1.4131098
8.5988324,0.85155514,0.74193098,1.3917609
8.6071726,0.8462682,0.73732465,1.3707062
8.6155129,0.84101408,0.73274692,1.3499423
8.6238532,0.83579258,0.72819761,1.3294654
8.6321935,0.8306035,0.72367654,1.3092722
8.6405338,0.82544664,0.71918354,1.2893591
8.6488741,0.8203218,0.71471844,1.2697227
8.6572143,0.81522877,0.71028105,1.2503595
8.6655546,0.81016736,0.70587122,1.2312662
8.6738949,0.80513738,0.70148877,1.2124395
8.6822352,0.80013862,0.69713353,1.193876
8.6905755,0.7951709,0.69280532,1.1755724
8.6989158,0.79023403,0.68850399,1.1575256
8.707256,0.7853278,0.68422936,1.1397323
8.7155963,0.78045204,0.67998127,1.1221894
8.7239366,0.77560654,0.67575956,1.1048937
8.7322769,0.77079113,0.67156406,1.0878421
8.7406172,0.76600562,0.6673946,1.0710315
8.7489575,0.76124982,0.66325104,1.054459
8.7572977,0.75652355,0.65913319,1.0381214
8.765638,0.75182661,0.65504092,1.0220159
8.7739783,0.74715884,0.65097405,1.0061395
8.7823186,0.74252005,0.64693243,0.99048923
8.7906589,0.73791006,0.6429159,0.97506227
8.7989992,0.7333287,0.63892431,0.95985576
8.8073394,0.72877577,0.6349575,0.94486688
8.8156797,0.72425111,0.63101532,0.93009286
8.82402,0.71975455,0.62709762,0.91553093
8.8323603,0.7152859,0.62320424,0.90117837
8.8407006,0.71084499,0.61933503,0.88703248
8.8490409,0.70643166,0.61548984,0.8730906
8.8573812,0.70204573,0.61166853,0.85935009
8.8657214,0.69768703,0.60787094,0.84580834
8.8740617,0.69335539,0.60409693,0.83246279
8.882402,0.68905064,0.60034635,0.81931087
8.8907423,0.68477262,0.59661905,0.80635006
8.8990826,0.68052116,0.5929149,0.79357788
8.9074229,0.67629609,0.58923375,0.78099186
8.9157631,0.67209726,0.58557545,0.76858956
8.9241034,0.66792449,0.58193986,0.75636857
8.9324437,0.66377764,0.57832684,0.74432651
8.940784,0.65965652,0.57473626,0.73246102
8.9491243,0.655561,0.57116797,0.72076978
8.9574646,0.6514909,0.56762183,0.70925047
8.9658048,0.64744607,0.56409771,0.69790083
8.9741451,0.64342636,0.56059546,0.68671861
8.9824854,0.6394316,0.55711497,0.67570158
8.9908257,0.63546164,0.55365608,0.66484753
8.999166,0.63151633,0.55021866,0.65415431
9.0075063,0.62759551,0.54680259,0.64361975
9.0158465,0.62369904,0.54340773,0.63324174
9.0241868,0.61982676,0.54003394,0.62301817
9.0325271,0.61597852,0.5366811,0.61294697
9.0408674,0.61215417,0.53334908,0.6030261
9.0492077,0.60835357,0.53003774,0.59325352
9.057548,0.60457656,0.52674696,0.58362723
9.0658882,0.600823,0.52347662,0.57414526
9.0742285,0.59709275,0.52022657,0.56480564
9.0825688,0.59338566,0.51699671,0.55560644
9.0909091,0.58970158,0.5137869,0.54654575
9.0992494,0.58604037,0.51059701,0.5376217
9.1075897,0.5824019,0.50742694,0.5288324
9.1159299,0.57878601,0.50427654,0.52017602
9.1242702,0.57519258,0.5011457,0.51165074
9.1326105,0.57162145,0.4980343,0.50325475
9.1409508,0.5680725,0.49494222,0.49498629
9.1492911,0.56454558,0.49186933,0.48684359
9.1576314,0.56104056,0.48881553,0.47882492
9.1659716,0.5575573,0.48578068,0.47092856
9.1743119,0.55409566,0.48276468,0.46315283
9.1826522,0.55065552,0.4797674,0.45549604
9.1909925,0.54723673,0.47678873,0.44795656
9.1993328,0.54383918,0.47382855,0.44053273
9.2076731,0.54046271,0.47088675,0.43322296
9.2160133,0.53710721,0.46796321,0.42602565
9.2243536,0.53377254,0.46505783,0.41893923
9.2326939,0.53045857,0.46217048,0.41196214
9.2410342,0.52716518,0.45930107,0.40509285
9.2493745,0.52389224,0.45644946,0.39832984
9.2577148,0.52063962,0.45361556,0.39167162
9.266055,0.51740719,0.45079926,0.38511671
9.2743953,0.51419483,0.44800044,0.37866364
9.2827356,0.51100241,0.44521899,0.37231098
9.2910759,0.50782982,0.44245482,0.3660573
9.2994162,0.50467692,0.43970781,0.3599012
9.3077565,0.50154359,0.43697785,0.35384129
9.3160967,0.49842972,0.43426484,0.34787619
9.324437,0.49533519,0.43156867,0.34200456
9.3327773,0.49225986,0.42888925,0.33622506
9.3411176,0.48920363,0.42622646,0.33053637
9.3494579,0.48616637,0.4235802,0.32493718
9.3577982,0.48314798,0.42095037,0.31942621
9.3661384,0.48014832,0.41833687,0.31400219
9.3744787,0.47716728,0.4157396,0.30866386
9.382819,0.47420475,0.41315845,0.30341
9.3911593,0.47126062,0.41059332,0.29823937
9.3994996,0.46833476,0.40804412,0.29315077
9.4078399,0.46542707,0.40551075,0.288143
9.4161802,0.46253743,0.40299311,0.28321491
9.4245204,0.45966574,0.4004911,0.27836532
9.4328607,0.45681187,0.39800462,0.27359309
9.441201,0.45397572,0.39553358,0.26889708
9.4495413,0.45115718,0.39307788,0.2642762
9.4578816,0.44835613,0.39063743,0.25972932
9.4662219,0.44557248,0.38821213,0.25525537
9.4745621,0.44280611,0.38580188,0.25085328
9.4829024,0.44005692,0.3834066,0.24652198
9.4912427,0.43732479,0.3810262,0.24226044
9.499583,0.43460963,0.37866057,0.23806761
9.5079233,0.43191133,0.37630962,0.23394249
9.5162636,0.42922977,0.37397328,0.22988407
9.5246038,0.42656487,0.37165144,0.22589137
9.5329441,0.42391651,0.36934401,0.22196339
9.5412844,0.42128459,0.36705091,0.21809919
9.5496247,0.41866902,0.36477205,0.2142978
9.557965,0.41606968,0.36250734,0.21055829
9.5663053,0.41348648,0.36025669,0.20687974
9.5746455,0.41091932,0.35802001,0.20326122
9.5829858,0.4083681,0.35579721,0.19970185
9.5913261,0.40583271,0.35358822,0.19620072
9.5996664,0.40331307,0.35139294,0.19275697
9.6080067,0.40080907,0.34921129,0.18936973
9.616347,0.39832062,0.34704319,0.18603813
9.6246872,0.39584762,0.34488855,0.18276135
9.6330275,0.39338997,0.34274728,0.17953856
9.6413678,0.39094758,0.34061931,0.17636892
9.6497081,0.38852035,0.33850455,0.17325163
9.6580484,0.3861082,0.33640292,0.17018591
9.6663887,0.38371102,0.33431434,0.16717095
9.6747289,0.38132872,0.33223872,0.16420599
9.6830692,0.37896121,0.33017599,0.16129026
9.6914095,0.3766084,0.32812607,0.158423
9.6997498,0.3742702,0.32608888,0.15560348
9.7080901,0.37194652,0.32406433,0.15283096
9.7164304,0.36963726,0.32205235,0.15010471
9.7247706,0.36734234,0.32005287,0.14742403
9.7331109,0.36506167,0.3180658,0.14478821
9.7414512,0.36279516,0.31609106,0.14219655
9.7497915,0.36054272,0.31412859,0.13964838
9.7581318,0.35830426,0.3121783,0.13714301
9.7664721,0.3560797,0.31024012,0.13467979
9.7748123,0.35386896,0.30831397,0.13225805
9.7831526,0.35167194,0.30639978,0.12987716
9.7914929,0.34948855,0.30449747,0.12753647
9.7998332,0.34731873,0.30260698,0.12523535
9.8081735,0.34516238,0.30072822,0.1229732
9.8165138,0.34301941,0.29886113,0.12074939
9.824854,0.34088975,0.29700563,0.11856332
9.8331943,0.33877331,0.29516164,0.11641441
9.8415346,0.33667001,0.29332911,0.11430206
9.8498749,0.33457977,0.29150796,0.1122257
9.8582152,0.33250251,0.28969811,0.11018477
9.8665555,0.33043814,0.2878995,0.1081787
9.8748957,0.32838659,0.28611205,0.10620693
9.883236,0.32634778,0.2843357,0.10426894
9.8915763,0.32432163,0.28257039,0.10236417
9.8999166,0.32230805,0.28081603,0.10049211
9.9082569,0.32030698,0.27907256,0.098652223
9.9165972,0.31831833,0.27733992,0.096844005
9.9249374,0.31634203,0.27561803,0.095066949
9.9332777,0.314378,0.27390684,0.093320555
9.941618,0.31242616,0.27220627,0.091604333
9.9499583,0.31048644,0.27051625,0.089917798
9.9582986,0.30855876,0.26883674,0.088260474
9.9666389,0.30664305,0.26716764,0.08663189
9.9749791,0.30473923,0.26550891,0.085031583
9.9833194,0.30284724,0.26386048,0.083459097
9.9916597,0.30096699,0.26222228,0.081913983
10,0.29909841,0.26059426,0.080395797
